pedon_ID,location,state,latitude_longitude_full,latitude,longitude,horizon,horizon_old,depth_inches,horizon_top_inches,horizon_bottom_inches,horizon_middle_inches,total_depth_sampled_inches,region,soil_order,dominant_vegetation_class,soil_moisture_regime,soil_temperature_regime,elevation_m,mat_c,map_mm,aridity,series_extent_map_acres,common_vegetation,soil_family,soil_series_name,date_sampled,soil_series_checked with red book
2,Whitlam Woods,OH,"41.63110, -81.19026",41.6311,-81.19026,litter,litter,,,,,,northeast,alfisol,deciduous hardwood forest,aquic,mesic,332,8.77,1092,0.783,"204,577",deciduous forest,"Fine, illitic, mesic Aquic Hapludalfs",ellsworth,6-18-19,x
2,Whitlam Woods,OH,"41.63110, -81.19026",41.6311,-81.19026,a,a,0-8,0,8,4,22,northeast,alfisol,deciduous hardwood forest,aquic,mesic,332,8.77,1092,0.783,"204,577",deciduous forest,"Fine, illitic, mesic Aquic Hapludalfs",ellsworth,6-18-19,x
2,Whitlam Woods,OH,"41.63110, -81.19026",41.6311,-81.19026,b,b,15-Aug,8,15,11.5,22,northeast,alfisol,deciduous hardwood forest,aquic,mesic,332,8.77,1092,0.783,"204,577",deciduous forest,"Fine, illitic, mesic Aquic Hapludalfs",ellsworth,6-18-19,x
2,Whitlam Woods,OH,"41.63110, -81.19026",41.6311,-81.19026,c,c,15-22+,15,22,18.5,22,northeast,alfisol,deciduous hardwood forest,aquic,mesic,332,8.77,1092,0.783,"204,577",deciduous forest,"Fine, illitic, mesic Aquic Hapludalfs",ellsworth,6-18-19,x
3,Punderson Park,OH,"41.46000, -81.20551",41.46,-81.20551,litter,litter,,,,,,northeast,alfisol,deciduous hardwood forest,aquic,mesic,353,8.88,1081,0.764,"204,577",deciduous forest,"Fine, illitic, mesic Aquic Hapludalfs",ellsworth,6-19-19,x
3,Punderson Park,OH,"41.46000, -81.20551",41.46,-81.20551,a,a,0-4,0,4,2,20,northeast,alfisol,deciduous hardwood forest,aquic,mesic,353,8.88,1081,0.764,"204,577",deciduous forest,"Fine, illitic, mesic Aquic Hapludalfs",ellsworth,6-19-19,x
3,Punderson Park,OH,"41.46000, -81.20551",41.46,-81.20551,b,b,09-Apr,4,9,6.5,20,northeast,alfisol,deciduous hardwood forest,aquic,mesic,353,8.88,1081,0.764,"204,577",deciduous forest,"Fine, illitic, mesic Aquic Hapludalfs",ellsworth,6-19-19,x
3,Punderson Park,OH,"41.46000, -81.20551",41.46,-81.20551,c,c,20-Sep,9,20,14.5,20,northeast,alfisol,deciduous hardwood forest,aquic,mesic,353,8.88,1081,0.764,"204,577",deciduous forest,"Fine, illitic, mesic Aquic Hapludalfs",ellsworth,6-19-19,x
4,Potato Creek,IN,"41.56243, -86.36213",41.56243,-86.36213,litter,litter,,,,,,midwest,alfisol,deciduous hardwood forest,udic,mesic,245,9.67,991,0.657,"165,603",mixed deciduous hardwood forest,"Fine-loamy, mixed, active, mesic Typic Hapludalfs",martinsville,6-19-19,x
4,Potato Creek,IN,"41.56243, -86.36214",41.56243,-86.36214,a,a,0-11,0,11,5.5,32,midwest,alfisol,deciduous hardwood forest,udic,mesic,245,9.67,991,0.657,"165,603",mixed deciduous hardwood forest,"Fine-loamy, mixed, active, mesic Typic Hapludalfs",martinsville,6-19-19,x
4,Potato Creek,IN,"41.56243, -86.36215",41.56243,-86.36215,b,b,24-Nov,11,24,17.5,32,midwest,alfisol,deciduous hardwood forest,udic,mesic,245,9.67,991,0.657,"165,603",mixed deciduous hardwood forest,"Fine-loamy, mixed, active, mesic Typic Hapludalfs",martinsville,6-19-19,x
4,Potato Creek,IN,"41.56243, -86.36216",41.56243,-86.36216,c,c,24-32+,24,32,28,32,midwest,alfisol,deciduous hardwood forest,udic,mesic,245,9.67,991,0.657,"165,603",mixed deciduous hardwood forest,"Fine-loamy, mixed, active, mesic Typic Hapludalfs",martinsville,6-19-19,x
5,Shoe Factory Rd,IL,"42.06039, -88.15951",42.06039,-88.15951,litter,litter,,,,,,midwest,mollisol,grasses,aquic,mesic,262,8.9,917,0.616,"152,788",prairie grasses,"Fine, illitic, mesic Oxyaquic Argiudolls",varna,6-20-19,
5,Shoe Factory Rd,IL,"42.06039, -88.15951",42.06039,-88.15951,a,a,0-18,0,18,9,50,midwest,mollisol,grasses,aquic,mesic,262,8.9,917,0.616,"152,788",prairie grasses,"Fine, illitic, mesic Oxyaquic Argiudolls",varna,6-20-19,
5,Shoe Factory Rd,IL,"42.06039, -88.15951",42.06039,-88.15951,b,b,18-32,18,32,25,50,midwest,mollisol,grasses,aquic,mesic,262,8.9,917,0.616,"152,788",prairie grasses,"Fine, illitic, mesic Oxyaquic Argiudolls",varna,6-20-19,
5,Shoe Factory Rd,IL,"42.06039, -88.15951",42.06039,-88.15951,c,c,32-50+,32,50,41,50,midwest,mollisol,grasses,aquic,mesic,262,8.9,917,0.616,"152,788",prairie grasses,"Fine, illitic, mesic Oxyaquic Argiudolls",varna,6-20-19,
6,Pecatonica,IL,"42.31607, -89.36170",42.31607,-89.3617,litter,litter,,,,,,midwest,mollisol,grasses,aquic,mesic,228,8.38,883,0.598,"93,530",grasses and trees,"Fine-silty, mixed, superactive, mesic Aquic Cumulic Hapludolls",lawson,6-20-19,x
6,Pecatonica,IL,"42.31607, -89.36171",42.31607,-89.36171,a,a,0-23,0,23,11.5,50,midwest,mollisol,grasses,aquic,mesic,228,8.38,883,0.598,"93,530",grasses and trees,"Fine-silty, mixed, superactive, mesic Aquic Cumulic Hapludolls",lawson,6-20-19,x
6,Pecatonica,IL,"42.31607, -89.36172",42.31607,-89.36172,b,b,23-40,23,40,31.5,50,midwest,mollisol,grasses,aquic,mesic,228,8.38,883,0.598,"93,530",grasses and trees,"Fine-silty, mixed, superactive, mesic Aquic Cumulic Hapludolls",lawson,6-20-19,x
6,Pecatonica,IL,"42.31607, -89.36173",42.31607,-89.36173,c,c,40-50+,40,50,45,50,midwest,mollisol,grasses,aquic,mesic,228,8.38,883,0.598,"93,530",grasses and trees,"Fine-silty, mixed, superactive, mesic Aquic Cumulic Hapludolls",lawson,6-20-19,x
7,Black River Falls,WI,"44.21725, -90.61480",44.21725,-90.6148,litter,litter,,,,,,midwest,spodosol,mixed coniferous and hardwood forest,aquic,frigid,311,6.54,842,0.64,"40,509","mixed coniferous and deciduous forest. Common trees are jack pine, eastern white pine, northern pin oak, swamp white oak, paper birch, aspen, and red maple","Sandy, siliceous, frigid Typic Endoaquods",Ironrun,6-21-19,
7,Black River Falls,WI,"44.21725, -90.61480",44.21725,-90.6148,o,o,0-1,0,1,0.5,35,midwest,spodosol,mixed coniferous and hardwood forest,aquic,frigid,311,6.54,842,0.64,"40,509","mixed coniferous and deciduous forest. Common trees are jack pine, eastern white pine, northern pin oak, swamp white oak, paper birch, aspen, and red maple","Sandy, siliceous, frigid Typic Endoaquods",Ironrun,6-21-19,
7,Black River Falls,WI,"44.21725, -90.61480",44.21725,-90.6148,e,e,05-Jan,1,5,3,35,midwest,spodosol,mixed coniferous and hardwood forest,aquic,frigid,311,6.54,842,0.64,"40,509","mixed coniferous and deciduous forest. Common trees are jack pine, eastern white pine, northern pin oak, swamp white oak, paper birch, aspen, and red maple","Sandy, siliceous, frigid Typic Endoaquods",Ironrun,6-21-19,
7,Black River Falls,WI,"44.21725, -90.61480",44.21725,-90.6148,b,b,21-May,5,21,13,35,midwest,spodosol,mixed coniferous and hardwood forest,aquic,frigid,311,6.54,842,0.64,"40,509","mixed coniferous and deciduous forest. Common trees are jack pine, eastern white pine, northern pin oak, swamp white oak, paper birch, aspen, and red maple","Sandy, siliceous, frigid Typic Endoaquods",Ironrun,6-21-19,
7,Black River Falls,WI,"44.21725, -90.61480",44.21725,-90.6148,c,c,21-35+,21,35,28,35,midwest,spodosol,mixed coniferous and hardwood forest,aquic,frigid,311,6.54,842,0.64,"40,509","mixed coniferous and deciduous forest. Common trees are jack pine, eastern white pine, northern pin oak, swamp white oak, paper birch, aspen, and red maple","Sandy, siliceous, frigid Typic Endoaquods",Ironrun,6-21-19,
8,Fox Coulee,WI,"44.46521, -92.02736",44.46521,-92.02736,litter,litter,,,,,,midwest,entisol,deciduous hardwood forest,aquic,mesic,211,7.24,805,0.574,"103,588","red maple, swamp white oak, quaking aspen, and white ash","Mixed, mesic Aquic Udipsamments",algansee,6-21-19,x
8,Fox Coulee,WI,"44.46521, -92.02736",44.46521,-92.02736,a,a,0-17,0,17,8.5,40,midwest,entisol,deciduous hardwood forest,aquic,mesic,211,7.24,805,0.574,"103,588","red maple, swamp white oak, quaking aspen, and white ash","Mixed, mesic Aquic Udipsamments",algansee,6-21-19,x
8,Fox Coulee,WI,"44.46521, -92.02736",44.46521,-92.02736,b,b,17-25,17,25,21,40,midwest,entisol,deciduous hardwood forest,aquic,mesic,211,7.24,805,0.574,"103,588","red maple, swamp white oak, quaking aspen, and white ash","Mixed, mesic Aquic Udipsamments",algansee,6-21-19,x
8,Fox Coulee,WI,"44.46521, -92.02736",44.46521,-92.02736,c,c,25-40+,25,40,32.5,40,midwest,entisol,deciduous hardwood forest,aquic,mesic,211,7.24,805,0.574,"103,588","red maple, swamp white oak, quaking aspen, and white ash","Mixed, mesic Aquic Udipsamments",algansee,6-21-19,x
9,Great Bluffs,MN,"43.94445, -91.39575",43.94445,-91.39575,litter,litter,,,,,,midwest,alfisol,deciduous hardwood forest,udic,mesic,391,7.16,828,0.591,"34,302","deciduous forest with white and red oaks, hickory, and basswood being the more common species","Fine-silty, mixed, superactive, mesic Typic Hapludalfs",Blackhammer,6-21-19,
9,Great Bluffs,MN,"43.94445, -91.39575",43.94445,-91.39575,a,a,0-9,0,9,4.5,45,midwest,alfisol,deciduous hardwood forest,udic,mesic,391,7.16,828,0.591,"34,302","deciduous forest with white and red oaks, hickory, and basswood being the more common species","Fine-silty, mixed, superactive, mesic Typic Hapludalfs",Blackhammer,6-21-19,
9,Great Bluffs,MN,"43.94445, -91.39575",43.94445,-91.39575,b,b,9-31,9,31,20,45,midwest,alfisol,deciduous hardwood forest,udic,mesic,391,7.16,828,0.591,"34,302","deciduous forest with white and red oaks, hickory, and basswood being the more common species","Fine-silty, mixed, superactive, mesic Typic Hapludalfs",Blackhammer,6-21-19,
9,Great Bluffs,MN,"43.94445, -91.39575",43.94445,-91.39575,c,c,31-45+,31,45,38,45,midwest,alfisol,deciduous hardwood forest,udic,mesic,391,7.16,828,0.591,"34,302","deciduous forest with white and red oaks, hickory, and basswood being the more common species","Fine-silty, mixed, superactive, mesic Typic Hapludalfs",Blackhammer,6-21-19,
10,Blue Mounds,MN,"43.69268, -96.18832",43.69268,-96.18832,litter,litter,,,,,,midwest,mollisol,grasses,udic,mesic,489,6.98,685,0.443,"532,701","native grasses are big bluestem, little bluestem, green needlegrass, sideoats grama, and needle and thread","Fine-silty, mixed, superactive, mesic Pachic Haplustolls",graceville,6-22-19,x
10,Blue Mounds,MN,"43.69268, -96.18832",43.69268,-96.18832,a,a,0-30,0,30,15,48,midwest,mollisol,grasses,udic,mesic,489,6.98,685,0.443,"532,701","native grasses are big bluestem, little bluestem, green needlegrass, sideoats grama, and needle and thread","Fine-silty, mixed, superactive, mesic Pachic Haplustolls",graceville,6-22-19,x
10,Blue Mounds,MN,"43.69268, -96.18832",43.69268,-96.18832,b,b,30-48+,30,48,39,48,midwest,mollisol,grasses,udic,mesic,489,6.98,685,0.443,"532,701","native grasses are big bluestem, little bluestem, green needlegrass, sideoats grama, and needle and thread","Fine-silty, mixed, superactive, mesic Pachic Haplustolls",graceville,6-22-19,x
11,Good Soldier,SD,"44.01227, -99.45010",44.01227,-99.4501,litter,litter,,,,,,north central,vertisol,grasses,ustic,mesic,489,8.22,475,0.26,"1,093,351","western wheatgrass, green needlegrass, blue grama, sideoats grama, and sedges","Fine, smectitic, mesic Leptic Haplusterts",Opal,6-22-19,
11,Good Soldier,SD,"44.01227, -99.45010",44.01227,-99.4501,a,a,0-4,0,4,2,45,north central,vertisol,grasses,ustic,mesic,489,8.22,475,0.26,"1,093,351","western wheatgrass, green needlegrass, blue grama, sideoats grama, and sedges","Fine, smectitic, mesic Leptic Haplusterts",Opal,6-22-19,
11,Good Soldier,SD,"44.01227, -99.45010",44.01227,-99.4501,b,b,21-Apr,4,21,12.5,45,north central,vertisol,grasses,ustic,mesic,489,8.22,475,0.26,"1,093,351","western wheatgrass, green needlegrass, blue grama, sideoats grama, and sedges","Fine, smectitic, mesic Leptic Haplusterts",Opal,6-22-19,
11,Good Soldier,SD,"44.01227, -99.45010",44.01227,-99.4501,c,c,21-45+,21,45,33,45,north central,vertisol,grasses,ustic,mesic,489,8.22,475,0.26,"1,093,351","western wheatgrass, green needlegrass, blue grama, sideoats grama, and sedges","Fine, smectitic, mesic Leptic Haplusterts",Opal,6-22-19,
12,Cottonwood,SD,"43.98026, -101.89979",43.98026,-101.89979,litter,litter,,,,,,north central,inceptisol,grasses,ustic,mesic,1087,8.44,433,0.216,"1,342,445","Native grasses are mainly western wheatgrass, green needlegrass, sideoats grama, blue grama, buffalograss, and forbs","Fine, smectitic, mesic Torrertic Haplustepts",pierre,6-23-19,x
12,Cottonwood,SD,"43.98026, -101.89979",43.98026,-101.89979,a,a,0-8,0,8,4,30,north central,inceptisol,grasses,ustic,mesic,1087,8.44,433,0.216,"1,342,445","Native grasses are mainly western wheatgrass, green needlegrass, sideoats grama, blue grama, buffalograss, and forbs","Fine, smectitic, mesic Torrertic Haplustepts",pierre,6-23-19,x
12,Cottonwood,SD,"43.98026, -101.89979",43.98026,-101.89979,b,b,22-Aug,8,22,15,30,north central,inceptisol,grasses,ustic,mesic,1087,8.44,433,0.216,"1,342,445","Native grasses are mainly western wheatgrass, green needlegrass, sideoats grama, blue grama, buffalograss, and forbs","Fine, smectitic, mesic Torrertic Haplustepts",pierre,6-23-19,x
12,Cottonwood,SD,"43.98026, -101.89979",43.98026,-101.89979,c,c,22-30+,22,30,26,30,north central,inceptisol,grasses,ustic,mesic,1087,8.44,433,0.216,"1,342,445","Native grasses are mainly western wheatgrass, green needlegrass, sideoats grama, blue grama, buffalograss, and forbs","Fine, smectitic, mesic Torrertic Haplustepts",pierre,6-23-19,x
13,Stagebarn,SD,"44.20622, -103.37358",44.20622,-103.37358,litter,litter,,,,,,north central,entisol,shrubs,udic,frigid,1102,8.02,501,0.25,"23,765","Timothy, Kentucky bluegrass, smooth brome, sedges, cottonwood, boxelder, green ash, and occasional ponderosa pine and Black Hills spruce","Loamy-skeletal over sandy or sandy-skeletal, mixed, superactive, calcareous, frigid Typic Udifluvents",Rapidcreek,6-23-19,
13,Stagebarn,SD,"44.20622, -103.37358",44.20622,-103.37358,a,a,0-6,0,6,3,15,north central,entisol,shrubs,udic,frigid,1102,8.02,501,0.25,"23,765","Timothy, Kentucky bluegrass, smooth brome, sedges, cottonwood, boxelder, green ash, and occasional ponderosa pine and Black Hills spruce","Loamy-skeletal over sandy or sandy-skeletal, mixed, superactive, calcareous, frigid Typic Udifluvents",Rapidcreek,6-23-19,
13,Stagebarn,SD,"44.20622, -103.37358",44.20622,-103.37358,b,c1,10-Jun,6,10,8,15,north central,entisol,shrubs,udic,frigid,1102,8.02,501,0.25,"23,765","Timothy, Kentucky bluegrass, smooth brome, sedges, cottonwood, boxelder, green ash, and occasional ponderosa pine and Black Hills spruce","Loamy-skeletal over sandy or sandy-skeletal, mixed, superactive, calcareous, frigid Typic Udifluvents",Rapidcreek,6-23-19,
13,Stagebarn,SD,"44.20622, -103.37358",44.20622,-103.37358,c,c2,10-15+,10,15,12.5,15,north central,entisol,shrubs,udic,frigid,1102,8.02,501,0.25,"23,765","Timothy, Kentucky bluegrass, smooth brome, sedges, cottonwood, boxelder, green ash, and occasional ponderosa pine and Black Hills spruce","Loamy-skeletal over sandy or sandy-skeletal, mixed, superactive, calcareous, frigid Typic Udifluvents",Rapidcreek,6-23-19,
14,Spearfish,SD,"44.45069, -103.86455",44.45069,-103.86455,litter,litter,,,,,,north central,alfisol,shrubs,udic,frigid,1306,7.38,559,0.296,"184,486","ponderosa pine with lesser amounts of aspen, birch, and bur oak. Understory species include Kentucky bluegrass, needlegrass, timber oatgrass, roughleaf ricegrass, and little bluestem. Shrubs include bearberry, oregon-grape, common juniper, buffaloberry, and snowberry","Loamy-skeletal, mixed, superactive, frigid Inceptic Hapludalfs",vanocker,6-24-19,x
14,Spearfish,SD,"44.45069, -103.86455",44.45069,-103.86455,a,a,0-5,0,5,2.5,36,north central,alfisol,shrubs,udic,frigid,1306,7.38,559,0.296,"184,486","ponderosa pine with lesser amounts of aspen, birch, and bur oak. Understory species include Kentucky bluegrass, needlegrass, timber oatgrass, roughleaf ricegrass, and little bluestem. Shrubs include bearberry, oregon-grape, common juniper, buffaloberry, and snowberry","Loamy-skeletal, mixed, superactive, frigid Inceptic Hapludalfs",vanocker,6-24-19,x
14,Spearfish,SD,"44.45069, -103.86455",44.45069,-103.86455,b,b,18-May,5,18,11.5,36,north central,alfisol,shrubs,udic,frigid,1306,7.38,559,0.296,"184,486","ponderosa pine with lesser amounts of aspen, birch, and bur oak. Understory species include Kentucky bluegrass, needlegrass, timber oatgrass, roughleaf ricegrass, and little bluestem. Shrubs include bearberry, oregon-grape, common juniper, buffaloberry, and snowberry","Loamy-skeletal, mixed, superactive, frigid Inceptic Hapludalfs",vanocker,6-24-19,x
14,Spearfish,SD,"44.45069, -103.86455",44.45069,-103.86455,c,c,18-36+,18,36,27,36,north central,alfisol,shrubs,udic,frigid,1306,7.38,559,0.296,"184,486","ponderosa pine with lesser amounts of aspen, birch, and bur oak. Understory species include Kentucky bluegrass, needlegrass, timber oatgrass, roughleaf ricegrass, and little bluestem. Shrubs include bearberry, oregon-grape, common juniper, buffaloberry, and snowberry","Loamy-skeletal, mixed, superactive, frigid Inceptic Hapludalfs",vanocker,6-24-19,x
15,Twisted Cedar,WY,"44.13849, -104.59112",44.13849,-104.59112,litter,litter,,,,,,west,aridisol,shrubs,ustic,mesic,1306,6.93,386,0.2,"122,218","western wheatgrass, sedge, blue grama, cactus","Fine, montmorillonitic, mesic Ustic Haplocambids",savageton,6-24-19,x
15,Twisted Cedar,WY,"44.13849, -104.59112",44.13849,-104.59112,a,a,0-4.5,0,4.5,2.25,18,west,aridisol,shrubs,ustic,mesic,1306,6.93,386,0.2,"122,218","western wheatgrass, sedge, blue grama, cactus","Fine, montmorillonitic, mesic Ustic Haplocambids",savageton,6-24-19,x
15,Twisted Cedar,WY,"44.13849, -104.59112",44.13849,-104.59112,b,b,4.5-10,4.5,10,7.25,18,west,aridisol,shrubs,ustic,mesic,1306,6.93,386,0.2,"122,218","western wheatgrass, sedge, blue grama, cactus","Fine, montmorillonitic, mesic Ustic Haplocambids",savageton,6-24-19,x
15,Twisted Cedar,WY,"44.13849, -104.59112",44.13849,-104.59112,c,c,10-18+,10,18,14,18,west,aridisol,shrubs,ustic,mesic,1306,6.93,386,0.2,"122,218","western wheatgrass, sedge, blue grama, cactus","Fine, montmorillonitic, mesic Ustic Haplocambids",savageton,6-24-19,x
16,Tensleep,WY,"44.05055, -107.43088",44.05055,-107.43088,litter,litter,,,,,,west,entisol,shrubs,ustic,mesic,1409,7.24,304,0.151,"100,947","sagebrush, cactus, blue grama, needleandthread","Fine-loamy, mixed (calcareous), mesic Ustic Torriorthents",neville,6-26-19,x
16,Tensleep,WY,"44.05055, -107.43088",44.05055,-107.43088,a,a,0-3,0,3,1.5,20,west,entisol,shrubs,ustic,mesic,1409,7.24,304,0.151,"100,947","sagebrush, cactus, blue grama, needleandthread","Fine-loamy, mixed (calcareous), mesic Ustic Torriorthents",neville,6-26-19,x
16,Tensleep,WY,"44.05055, -107.43088",44.05055,-107.43088,c,c,3-20+,3,20,11.5,20,west,entisol,shrubs,ustic,mesic,1409,7.24,304,0.151,"100,947","sagebrush, cactus, blue grama, needleandthread","Fine-loamy, mixed (calcareous), mesic Ustic Torriorthents",neville,6-26-19,x
17,Grab Bag,MT,"45.55290, -107.34871",45.5529,-107.34871,litter,litter,,,,,,west,entisol,grasses,ustic,frigid,972,7.58,411,0.208,"631,352","western wheatgrass, green needlegrass, sideoats gram","Clayey, montmorillonitic (calcareous), nonacid, frigid, shallow Ustic Torriorthents",lismas,6-26-19,x
17,Grab Bag,MT,"45.55290, -107.34871",45.5529,-107.34871,a,a,0-13,0,13,6.5,45,west,entisol,grasses,ustic,frigid,972,7.58,411,0.208,"631,352","western wheatgrass, green needlegrass, sideoats gram","Clayey, montmorillonitic (calcareous), nonacid, frigid, shallow Ustic Torriorthents",lismas,6-26-19,x
17,Grab Bag,MT,"45.55290, -107.34871",45.5529,-107.34871,b,c1,13-25,13,25,19,45,west,entisol,grasses,ustic,frigid,972,7.58,411,0.208,"631,352","western wheatgrass, green needlegrass, sideoats gram","Clayey, montmorillonitic (calcareous), nonacid, frigid, shallow Ustic Torriorthents",lismas,6-26-19,x
17,Grab Bag,MT,"45.55290, -107.34871",45.5529,-107.34871,c,c2,25-45+,25,45,35,45,west,entisol,grasses,ustic,frigid,972,7.58,411,0.208,"631,352","western wheatgrass, green needlegrass, sideoats gram","Clayey, montmorillonitic (calcareous), nonacid, frigid, shallow Ustic Torriorthents",lismas,6-26-19,x
18,Potosi,MT,"45.57203, -111.91427",45.57203,-111.91427,litter,litter,,,,,,west,inceptisol,coniferous forest,udic,cryic,1907,3.44,428,0.276,"512,783","Douglas-fir, subalpine fir, lodgepole pine, huckleberry, grouse whortleberry, snowberry, buffaloberry, heartleaf arnica, western meadowrue, grasses, forbs","Sandy-skeletal, mixed Typic Haplocryepts",como,6-27-19,x
18,Potosi,MT,"45.57203, -111.91427",45.57203,-111.91427,a,a,0-4,0,4,2,25,west,inceptisol,coniferous forest,udic,cryic,1907,3.44,428,0.276,"512,783","Douglas-fir, subalpine fir, lodgepole pine, huckleberry, grouse whortleberry, snowberry, buffaloberry, heartleaf arnica, western meadowrue, grasses, forbs","Sandy-skeletal, mixed Typic Haplocryepts",como,6-27-19,x
18,Potosi,MT,"45.57203, -111.91427",45.57203,-111.91427,b,b,17-Apr,4,17,10.5,25,west,inceptisol,coniferous forest,udic,cryic,1907,3.44,428,0.276,"512,783","Douglas-fir, subalpine fir, lodgepole pine, huckleberry, grouse whortleberry, snowberry, buffaloberry, heartleaf arnica, western meadowrue, grasses, forbs","Sandy-skeletal, mixed Typic Haplocryepts",como,6-27-19,x
18,Potosi,MT,"45.57203, -111.91427",45.57203,-111.91427,c,c,17-25+,17,25,21,25,west,inceptisol,coniferous forest,udic,cryic,1907,3.44,428,0.276,"512,783","Douglas-fir, subalpine fir, lodgepole pine, huckleberry, grouse whortleberry, snowberry, buffaloberry, heartleaf arnica, western meadowrue, grasses, forbs","Sandy-skeletal, mixed Typic Haplocryepts",como,6-27-19,x
19,Turah,MT,"46.63344, -114.58388",46.63344,-114.58388,litter,litter,,,,,,west,inceptisol,coniferous forest,udic,cryic,1632,3.64,388,0.273,"99,463","subalpine fir, western larch, Douglas-fir, Engelmann spruce, and lodgepole pine with an understory of twinflower, blue huckleberry, queencup beadlily, rusty menziesia, grouse whortleberry","Loamy-skeletal, mixed Andic Cryochrepts",petty,6-28-19,x
19,Turah,MT,"46.63344, -114.58388",46.63344,-114.58388,a,a,0-6,0,6,3,35,west,inceptisol,coniferous forest,udic,cryic,1632,3.64,388,0.273,"99,463","subalpine fir, western larch, Douglas-fir, Engelmann spruce, and lodgepole pine with an understory of twinflower, blue huckleberry, queencup beadlily, rusty menziesia, grouse whortleberry","Loamy-skeletal, mixed Andic Cryochrepts",petty,6-28-19,x
19,Turah,MT,"46.63344, -114.58388",46.63344,-114.58388,b,b,24-Jun,6,24,15,35,west,inceptisol,coniferous forest,udic,cryic,1632,3.64,388,0.273,"99,463","subalpine fir, western larch, Douglas-fir, Engelmann spruce, and lodgepole pine with an understory of twinflower, blue huckleberry, queencup beadlily, rusty menziesia, grouse whortleberry","Loamy-skeletal, mixed Andic Cryochrepts",petty,6-28-19,x
19,Turah,MT,"46.63344, -114.58388",46.63344,-114.58388,c,c,24-35+,24,35,29.5,35,west,inceptisol,coniferous forest,udic,cryic,1632,3.64,388,0.273,"99,463","subalpine fir, western larch, Douglas-fir, Engelmann spruce, and lodgepole pine with an understory of twinflower, blue huckleberry, queencup beadlily, rusty menziesia, grouse whortleberry","Loamy-skeletal, mixed Andic Cryochrepts",petty,6-28-19,x
20,Clearwater,ID,"46.51269, -114.76499",46.51269,-114.76499,litter,litter,,,,,,west,andisol,coniferous forest,udic,frigid,1131,6.25,236,0.157,,,"Ashy over loamy-skeletal, amorphic over isotic, frigid Typic Udivitrands",typic vitrandepts,6-28-19,x
20,Clearwater,ID,"46.51269, -114.76499",46.51269,-114.76499,a,a,0-6,0,6,3,16,west,andisol,coniferous forest,udic,frigid,1131,6.25,236,0.157,,,"Ashy over loamy-skeletal, amorphic over isotic, frigid Typic Udivitrands",typic vitrandepts,6-28-19,x
20,Clearwater,ID,"46.51269, -114.76499",46.51269,-114.76499,b,b,10-Jun,6,10,8,16,west,andisol,coniferous forest,udic,frigid,1131,6.25,236,0.157,,,"Ashy over loamy-skeletal, amorphic over isotic, frigid Typic Udivitrands",typic vitrandepts,6-28-19,x
20,Clearwater,ID,"46.51269, -114.76499",46.51269,-114.76499,c,c,10-16+,10,16,13,16,west,andisol,coniferous forest,udic,frigid,1131,6.25,236,0.157,,,"Ashy over loamy-skeletal, amorphic over isotic, frigid Typic Udivitrands",typic vitrandepts,6-28-19,x
21,Olympic,WA,"47.35765, -123.88751",47.35765,-123.88751,litter,litter,,,,,,north west,andisol,coniferous forest,udic,mesic,287,9.18,3205,2.825,"61,240","western hemlock forest with scattered Sitka spruce and western red cedar. Understory species are salal, oxalis, swordfern brackenfern, salmonberry, red elderberry, vine maple","Medial, ferrihydritic, isomesic Typic Fulvudands",knappton,6-30-19,blethon-change to knappton
21,Olympic,WA,"47.35765, -123.88751",47.35765,-123.88751,a,a,0-4,0,4,2,29,north west,andisol,coniferous forest,udic,mesic,287,9.18,3205,2.825,"61,240","western hemlock forest with scattered Sitka spruce and western red cedar. Understory species are salal, oxalis, swordfern brackenfern, salmonberry, red elderberry, vine maple","Medial, ferrihydritic, isomesic Typic Fulvudands",knappton,6-30-19,blethon-change to knappton
21,Olympic,WA,"47.35765, -123.88751",47.35765,-123.88751,b,b,20-Apr,4,20,12,29,north west,andisol,coniferous forest,udic,mesic,287,9.18,3205,2.825,"61,240","western hemlock forest with scattered Sitka spruce and western red cedar. Understory species are salal, oxalis, swordfern brackenfern, salmonberry, red elderberry, vine maple","Medial, ferrihydritic, isomesic Typic Fulvudands",knappton,6-30-19,blethon-change to knappton
21,Olympic,WA,"47.35765, -123.88751",47.35765,-123.88751,c,c,20-29+,20,29,24.5,29,north west,andisol,coniferous forest,udic,mesic,287,9.18,3205,2.825,"61,240","western hemlock forest with scattered Sitka spruce and western red cedar. Understory species are salal, oxalis, swordfern brackenfern, salmonberry, red elderberry, vine maple","Medial, ferrihydritic, isomesic Typic Fulvudands",knappton,6-30-19,blethon-change to knappton
22,Disappointment,WA,"46.30717, -124.06658",46.30717,-124.06658,litter,litter,,,,,,north west,andisol,coniferous forest,udic,mesic,30,10.38,2082,1.826,"20,567","western hemlock, Sitka spruce, western red cedar, and red alder. Understory species are salal, oxalis, swordfern, red huckleberry, salmonberry, blackberry, red elderberry, and vine maple","Medial, ferrihydritic, isomesic Typic Fulvudands",Ilwaco,6-30-19,x
22,Disappointment,WA,"46.30717, -124.06658",46.30717,-124.06658,a,a,0-5.5,0,5.5,2.75,40,north west,andisol,coniferous forest,udic,mesic,30,10.38,2082,1.826,"20,567","western hemlock, Sitka spruce, western red cedar, and red alder. Understory species are salal, oxalis, swordfern, red huckleberry, salmonberry, blackberry, red elderberry, and vine maple","Medial, ferrihydritic, isomesic Typic Fulvudands",Ilwaco,6-30-19,x
22,Disappointment,WA,"46.30717, -124.06658",46.30717,-124.06658,b,b,5.5-21,5.5,21,13.25,40,north west,andisol,coniferous forest,udic,mesic,30,10.38,2082,1.826,"20,567","western hemlock, Sitka spruce, western red cedar, and red alder. Understory species are salal, oxalis, swordfern, red huckleberry, salmonberry, blackberry, red elderberry, and vine maple","Medial, ferrihydritic, isomesic Typic Fulvudands",Ilwaco,6-30-19,x
22,Disappointment,WA,"46.30717, -124.06658",46.30717,-124.06658,c,c,21-40+,21,40,30.5,40,north west,andisol,coniferous forest,udic,mesic,30,10.38,2082,1.826,"20,567","western hemlock, Sitka spruce, western red cedar, and red alder. Understory species are salal, oxalis, swordfern, red huckleberry, salmonberry, blackberry, red elderberry, and vine maple","Medial, ferrihydritic, isomesic Typic Fulvudands",Ilwaco,6-30-19,x
23,Clatsop,OR,"46.06560, -123.65753",46.0656,-123.65753,litter,litter,,,,,,north west,inceptisol,coniferous forest,udic,mesic,260,9.48,2274,1.972,"30,881","Douglas-fir, western hemlock, red alder, Port-Orford cedar, sitka spruce, grand fir, thimbleberry, salal, salmonberry, vine maple and swordfern","Fine-loamy, isotic, isomesic Andic Humudepts",Svensen,6-30-19,
23,Clatsop,OR,"46.06560, -123.65753",46.0656,-123.65753,a,a,0-7.5,0,7.5,3.75,29,north west,inceptisol,coniferous forest,udic,mesic,260,9.48,2274,1.972,"30,881","Douglas-fir, western hemlock, red alder, Port-Orford cedar, sitka spruce, grand fir, thimbleberry, salal, salmonberry, vine maple and swordfern","Fine-loamy, isotic, isomesic Andic Humudepts",Svensen,6-30-19,
23,Clatsop,OR,"46.06560, -123.65753",46.0656,-123.65753,b,b,7.5-14,7.5,14,10.75,29,north west,inceptisol,coniferous forest,udic,mesic,260,9.48,2274,1.972,"30,881","Douglas-fir, western hemlock, red alder, Port-Orford cedar, sitka spruce, grand fir, thimbleberry, salal, salmonberry, vine maple and swordfern","Fine-loamy, isotic, isomesic Andic Humudepts",Svensen,6-30-19,
23,Clatsop,OR,"46.06560, -123.65753",46.0656,-123.65753,c,c,14-29+,14,29,21.5,29,north west,inceptisol,coniferous forest,udic,mesic,260,9.48,2274,1.972,"30,881","Douglas-fir, western hemlock, red alder, Port-Orford cedar, sitka spruce, grand fir, thimbleberry, salal, salmonberry, vine maple and swordfern","Fine-loamy, isotic, isomesic Andic Humudepts",Svensen,6-30-19,
24,Siuslaw,OR,"44.48822, -123.53664",44.48822,-123.53664,litter,litter,,,,,,north west,andisol,coniferous forest,udic,frigid,733,8.72,2757,2.101,"62,971","Douglas fir, western hemlock, red alder, red and evergreen huckleberry, vine maple, western swordfern, cascade Oregongrape, Oregon oxalis, and salal","Medial-skeletal, ferrihydritic, frigid Alic Hapludands",caterl,2007-01-19,x
24,Siuslaw,OR,"44.48822, -123.53664",44.48822,-123.53664,a,a,0-3,0,3,1.5,15,north west,andisol,coniferous forest,udic,frigid,733,8.72,2757,2.101,"62,971","Douglas fir, western hemlock, red alder, red and evergreen huckleberry, vine maple, western swordfern, cascade Oregongrape, Oregon oxalis, and salal","Medial-skeletal, ferrihydritic, frigid Alic Hapludands",caterl,2007-01-19,x
24,Siuslaw,OR,"44.48822, -123.53664",44.48822,-123.53664,b,b,08-Mar,3,8,5.5,15,north west,andisol,coniferous forest,udic,frigid,733,8.72,2757,2.101,"62,971","Douglas fir, western hemlock, red alder, red and evergreen huckleberry, vine maple, western swordfern, cascade Oregongrape, Oregon oxalis, and salal","Medial-skeletal, ferrihydritic, frigid Alic Hapludands",caterl,2007-01-19,x
24,Siuslaw,OR,"44.48822, -123.53664",44.48822,-123.53664,c,c,8-15+,8,15,11.5,15,north west,andisol,coniferous forest,udic,frigid,733,8.72,2757,2.101,"62,971","Douglas fir, western hemlock, red alder, red and evergreen huckleberry, vine maple, western swordfern, cascade Oregongrape, Oregon oxalis, and salal","Medial-skeletal, ferrihydritic, frigid Alic Hapludands",caterl,2007-01-19,x
25,Alsea,OR,"44.47251, -123.50966",44.47251,-123.50966,litter,litter,,,,,,north west,ultisol,coniferous forest,udic,mesic,502,9.49,2456,1.846,"172,500","Douglas fir, bigleaf maple, red alder, western hazel, vine maple, Pacific dogwood, western brackenfern, salal, western swordfern, cascade Oregongrape, creambush oceanspray, and baldhip rose","Fine, mixed, active, mesic Typic Palehumults",honeygrove,2007-01-19,x
25,Alsea,OR,"44.47251, -123.50966",44.47251,-123.50966,a,a,0-3.5,0,3.5,1.75,24,north west,ultisol,coniferous forest,udic,mesic,502,9.49,2456,1.846,"172,500","Douglas fir, bigleaf maple, red alder, western hazel, vine maple, Pacific dogwood, western brackenfern, salal, western swordfern, cascade Oregongrape, creambush oceanspray, and baldhip rose","Fine, mixed, active, mesic Typic Palehumults",honeygrove,2007-01-19,x
25,Alsea,OR,"44.47251, -123.50966",44.47251,-123.50966,b,b,3.5-13,3.5,13,8.25,24,north west,ultisol,coniferous forest,udic,mesic,502,9.49,2456,1.846,"172,500","Douglas fir, bigleaf maple, red alder, western hazel, vine maple, Pacific dogwood, western brackenfern, salal, western swordfern, cascade Oregongrape, creambush oceanspray, and baldhip rose","Fine, mixed, active, mesic Typic Palehumults",honeygrove,2007-01-19,x
25,Alsea,OR,"44.47251, -123.50966",44.47251,-123.50966,c,c,13-24+,13,24,18.5,24,north west,ultisol,coniferous forest,udic,mesic,502,9.49,2456,1.846,"172,500","Douglas fir, bigleaf maple, red alder, western hazel, vine maple, Pacific dogwood, western brackenfern, salal, western swordfern, cascade Oregongrape, creambush oceanspray, and baldhip rose","Fine, mixed, active, mesic Typic Palehumults",honeygrove,2007-01-19,x
26,Klamath,OR,"42.40148, -121.79940",42.40148,-121.7994,litter,litter,,,,,,north west,andisol,coniferous forest,xeric,frigid,1526,6.67,533,0.303,"144,185","Overstory vegetation--mainly white fir, with ponderosa pine, sugar pine, Douglas-fir, and incense cedar, Understory vegetation--western princes pine, western fescue, Oregon boxleaf, common snowberry","Medial-skeletal, amorphic, frigid Alfic Humic Haploxerands",Woodcock,2007-02-19,
26,Klamath,OR,"42.40148, -121.79940",42.40148,-121.7994,a,a,0-12,0,12,6,22,north west,andisol,coniferous forest,xeric,frigid,1526,6.67,533,0.303,"144,185","Overstory vegetation--mainly white fir, with ponderosa pine, sugar pine, Douglas-fir, and incense cedar, Understory vegetation--western princes pine, western fescue, Oregon boxleaf, common snowberry","Medial-skeletal, amorphic, frigid Alfic Humic Haploxerands",Woodcock,2007-02-19,
26,Klamath,OR,"42.40148, -121.79940",42.40148,-121.7994,b,b/c,12-22+,12,22,17,22,north west,andisol,coniferous forest,xeric,frigid,1526,6.67,533,0.303,"144,185","Overstory vegetation--mainly white fir, with ponderosa pine, sugar pine, Douglas-fir, and incense cedar, Understory vegetation--western princes pine, western fescue, Oregon boxleaf, common snowberry","Medial-skeletal, amorphic, frigid Alfic Humic Haploxerands",Woodcock,2007-02-19,
27,Shasta,CA,"40.17399, -121.03988",40.17399,-121.03988,litter,litter,,,,,,pacific coast,alfisol,coniferous forest,xeric,frigid,1292,8.73,921,0.455,"13,565","Douglas-fir, sugar pine, white fir, Incense-cedar, Jeffery pine, red fir, whitethorn, ceanothus, serviceberry, ribes and sierra chinkapin","Loamy-skeletal, mixed, superactive, frigid Ultic Palexeralfs",Penstock,2007-02-19,
27,Shasta,CA,"40.17399, -121.03988",40.17399,-121.03988,a,a,0-9,0,9,4.5,32,pacific coast,alfisol,coniferous forest,xeric,frigid,1292,8.73,921,0.455,"13,565","Douglas-fir, sugar pine, white fir, Incense-cedar, Jeffery pine, red fir, whitethorn, ceanothus, serviceberry, ribes and sierra chinkapin","Loamy-skeletal, mixed, superactive, frigid Ultic Palexeralfs",Penstock,2007-02-19,
27,Shasta,CA,"40.17399, -121.03988",40.17399,-121.03988,b,b,18-Sep,9,18,13.5,32,pacific coast,alfisol,coniferous forest,xeric,frigid,1292,8.73,921,0.455,"13,565","Douglas-fir, sugar pine, white fir, Incense-cedar, Jeffery pine, red fir, whitethorn, ceanothus, serviceberry, ribes and sierra chinkapin","Loamy-skeletal, mixed, superactive, frigid Ultic Palexeralfs",Penstock,2007-02-19,
27,Shasta,CA,"40.17399, -121.03988",40.17399,-121.03988,c,c,18-32+,18,32,25,32,pacific coast,alfisol,coniferous forest,xeric,frigid,1292,8.73,921,0.455,"13,565","Douglas-fir, sugar pine, white fir, Incense-cedar, Jeffery pine, red fir, whitethorn, ceanothus, serviceberry, ribes and sierra chinkapin","Loamy-skeletal, mixed, superactive, frigid Ultic Palexeralfs",Penstock,2007-02-19,
28,El Dorado,CA,"38.80521, -120.10219",38.80521,-120.10219,litter,litter,,,,,,pacific coast,inceptisol,coniferous forest,xeric,frigid,1997,5.8,911,0.464,"187,468","red fir, white fir, Jeffrey pine, lodgepole pine, sugar pine, incense-cedar, chinquapin, huckleberry oak, gooseberry, whitethorn, brackenfern and lupine","Coarse-loamy, mixed, frigid Typic Xerumbrepts",gerle,2007-03-19,x
28,El Dorado,CA,"38.80521, -120.10219",38.80521,-120.10219,a,a,0-13,0,13,6.5,40,pacific coast,inceptisol,coniferous forest,xeric,frigid,1997,5.8,911,0.464,"187,468","red fir, white fir, Jeffrey pine, lodgepole pine, sugar pine, incense-cedar, chinquapin, huckleberry oak, gooseberry, whitethorn, brackenfern and lupine","Coarse-loamy, mixed, frigid Typic Xerumbrepts",gerle,2007-03-19,x
28,El Dorado,CA,"38.80521, -120.10219",38.80521,-120.10219,b,b,13-28,13,28,20.5,40,pacific coast,inceptisol,coniferous forest,xeric,frigid,1997,5.8,911,0.464,"187,468","red fir, white fir, Jeffrey pine, lodgepole pine, sugar pine, incense-cedar, chinquapin, huckleberry oak, gooseberry, whitethorn, brackenfern and lupine","Coarse-loamy, mixed, frigid Typic Xerumbrepts",gerle,2007-03-19,x
28,El Dorado,CA,"38.80521, -120.10219",38.80521,-120.10219,c,c,28-40+,28,40,34,40,pacific coast,inceptisol,coniferous forest,xeric,frigid,1997,5.8,911,0.464,"187,468","red fir, white fir, Jeffrey pine, lodgepole pine, sugar pine, incense-cedar, chinquapin, huckleberry oak, gooseberry, whitethorn, brackenfern and lupine","Coarse-loamy, mixed, frigid Typic Xerumbrepts",gerle,2007-03-19,x
29,Merklee,CA,"38.66673, -119.66681",38.66673,-119.66681,litter,litter,,,,,,pacific coast,mollisol,shrubs,xeric,frigid,2202,5.86,561,0.265,"20,459","big sagebrush, antelope bitterbrush, and western needlegrass","Loamy-skeletal, mixed, superactive, frigid Typic Argixerolls",heenlake,2007-03-19,x
29,Merklee,CA,"38.66673, -119.66681",38.66673,-119.66681,a,a,0-5,0,5,2.5,46,pacific coast,mollisol,shrubs,xeric,frigid,2202,5.86,561,0.265,"20,459","big sagebrush, antelope bitterbrush, and western needlegrass","Loamy-skeletal, mixed, superactive, frigid Typic Argixerolls",heenlake,2007-03-19,x
29,Merklee,CA,"38.66673, -119.66681",38.66673,-119.66681,b,b,22-May,5,22,13.5,46,pacific coast,mollisol,shrubs,xeric,frigid,2202,5.86,561,0.265,"20,459","big sagebrush, antelope bitterbrush, and western needlegrass","Loamy-skeletal, mixed, superactive, frigid Typic Argixerolls",heenlake,2007-03-19,x
29,Merklee,CA,"38.66673, -119.66681",38.66673,-119.66681,c,c,22-46+,22,46,34,46,pacific coast,mollisol,shrubs,xeric,frigid,2202,5.86,561,0.265,"20,459","big sagebrush, antelope bitterbrush, and western needlegrass","Loamy-skeletal, mixed, superactive, frigid Typic Argixerolls",heenlake,2007-03-19,x
30,Bishop,CA,"37.33582, -118.48594",37.33582,-118.48594,litter,litter,,,,,,pacific coast,entisol,shrubs,aridic,thermic,1492,12.27,228,0.077,"27,751","spiny hopsage, Nevada ephedra, desert needlegrass and Indian ricegrass","Sandy-skeletal, mixed, thermic Xeric Torriorthents",Goodale,2007-04-19,
30,Bishop,CA,"37.33582, -118.48594",37.33582,-118.48594,a,a,0-3,0,3,1.5,10,pacific coast,entisol,shrubs,aridic,thermic,1492,12.27,228,0.077,"27,751","spiny hopsage, Nevada ephedra, desert needlegrass and Indian ricegrass","Sandy-skeletal, mixed, thermic Xeric Torriorthents",Goodale,2007-04-19,
30,Bishop,CA,"37.33582, -118.48594",37.33582,-118.48594,c,c,3-10+,3,10,6.5,10,pacific coast,entisol,shrubs,aridic,thermic,1492,12.27,228,0.077,"27,751","spiny hopsage, Nevada ephedra, desert needlegrass and Indian ricegrass","Sandy-skeletal, mixed, thermic Xeric Torriorthents",Goodale,2007-04-19,
31,Death Valley,CA,"36.86487, -116.77128",36.86487,-116.77128,litter,litter,,,,,,pacific coast,aridisol,shrubs,aridic,thermic,952,16.12,105,0.03,"269,786","creosotebush, white bursage, scattered yucca and Joshua tree and annual grasses and forbs","Loamy-skeletal, mixed, superactive, calcareous, thermic Typic Torriorthents",yermo,2007-04-19,skleon - change to yermo
31,Death Valley,CA,"36.86487, -116.77128",36.86487,-116.77128,a,a,0-2,0,2,1,14,pacific coast,aridisol,shrubs,aridic,thermic,952,16.12,105,0.03,"269,786","creosotebush, white bursage, scattered yucca and Joshua tree and annual grasses and forbs","Loamy-skeletal, mixed, superactive, calcareous, thermic Typic Torriorthents",yermo,2007-04-19,skleon - change to yermo
31,Death Valley,CA,"36.86487, -116.77128",36.86487,-116.77128,b,b,11-Feb,2,11,6.5,14,pacific coast,aridisol,shrubs,aridic,thermic,952,16.12,105,0.03,"269,786","creosotebush, white bursage, scattered yucca and Joshua tree and annual grasses and forbs","Loamy-skeletal, mixed, superactive, calcareous, thermic Typic Torriorthents",yermo,2007-04-19,skleon - change to yermo
31,Death Valley,CA,"36.86487, -116.77128",36.86487,-116.77128,c,c,11-14+,11,14,12.5,14,pacific coast,aridisol,shrubs,aridic,thermic,952,16.12,105,0.03,"269,786","creosotebush, white bursage, scattered yucca and Joshua tree and annual grasses and forbs","Loamy-skeletal, mixed, superactive, calcareous, thermic Typic Torriorthents",yermo,2007-04-19,skleon - change to yermo
32,Flagstaff,AZ,"35.21865, -111.52502",35.21865,-111.52502,litter,litter,,,,,,southwest,mollisol,shrubs,aridic,cryic,1915,8.75,486,0.195,"13,909","ponderosa pine, spruce, fir and quaking aspen, with some Arizona fescue, mountain muhly, pine dropseed and Kentucky bluegrass","Fine-loamy over fragmental, mixed Argic Cryoborolls",sizer,2007-06-19,x
32,Flagstaff,AZ,"35.21865, -111.52502",35.21865,-111.52502,a,a,0-3.5,0,3.5,1.75,15,southwest,mollisol,shrubs,aridic,cryic,1915,8.75,486,0.195,"13,909","ponderosa pine, spruce, fir and quaking aspen, with some Arizona fescue, mountain muhly, pine dropseed and Kentucky bluegrass","Fine-loamy over fragmental, mixed Argic Cryoborolls",sizer,2007-06-19,x
32,Flagstaff,AZ,"35.21865, -111.52502",35.21865,-111.52502,b,b,3.5-9,3.5,9,6.25,15,southwest,mollisol,shrubs,aridic,cryic,1915,8.75,486,0.195,"13,909","ponderosa pine, spruce, fir and quaking aspen, with some Arizona fescue, mountain muhly, pine dropseed and Kentucky bluegrass","Fine-loamy over fragmental, mixed Argic Cryoborolls",sizer,2007-06-19,x
32,Flagstaff,AZ,"35.21865, -111.52502",35.21865,-111.52502,c,c,9-15+,9,15,12,15,southwest,mollisol,shrubs,aridic,cryic,1915,8.75,486,0.195,"13,909","ponderosa pine, spruce, fir and quaking aspen, with some Arizona fescue, mountain muhly, pine dropseed and Kentucky bluegrass","Fine-loamy over fragmental, mixed Argic Cryoborolls",sizer,2007-06-19,x
33,Jerome,AZ,"34.55027, -111.87759",34.55027,-111.87759,litter,litter,,,,,,southwest,aridisol,shrubs,ustic,thermic,993,16.91,392,0.121,176,"mesquite, alkali sacaton, threeawn, canotia and rabbitbrush","Coarse-silty, mixed, superactive, thermic Ustic Haplocambids",bewearze,2007-06-19,best guess based on mapped soils in immediate area (NOTCOM)
33,Jerome,AZ,"34.55027, -111.87759",34.55027,-111.87759,a,a,0-5.5,0,5.5,2.75,38,southwest,aridisol,shrubs,ustic,thermic,993,16.91,392,0.121,176,"mesquite, alkali sacaton, threeawn, canotia and rabbitbrush","Coarse-silty, mixed, superactive, thermic Ustic Haplocambids",bewearze,2007-06-19,best guess based on mapped soils in immediate area (NOTCOM)
33,Jerome,AZ,"34.55027, -111.87759",34.55027,-111.87759,b,b,5.5-19,5.5,19,12.25,38,southwest,aridisol,shrubs,ustic,thermic,993,16.91,392,0.121,176,"mesquite, alkali sacaton, threeawn, canotia and rabbitbrush","Coarse-silty, mixed, superactive, thermic Ustic Haplocambids",bewearze,2007-06-19,best guess based on mapped soils in immediate area (NOTCOM)
33,Jerome,AZ,"34.55027, -111.87759",34.55027,-111.87759,c,c,19-38+,19,38,28.5,38,southwest,aridisol,shrubs,ustic,thermic,993,16.91,392,0.121,176,"mesquite, alkali sacaton, threeawn, canotia and rabbitbrush","Coarse-silty, mixed, superactive, thermic Ustic Haplocambids",bewearze,2007-06-19,best guess based on mapped soils in immediate area (NOTCOM)
34,Tonto,AZ,"34.31288, -111.03776",34.31288,-111.03776,litter,litter,,,,,,southwest,alfisol,shrubs,ustic,frigid,1741,10.74,579,0.226,"27,977","Ponderosa pine, pinyon pine, juniper, shrubs, and grasses","Loamy-skeletal, mixed, superactive, frigid Lithic Haplustalfs",sanchez,2007-06-19,best guess based on mapped soils in immediate area (NOTCOM)
34,Tonto,AZ,"34.31288, -111.03776",34.31288,-111.03776,a,a,0-2.5,0,2.5,1.25,15,southwest,alfisol,shrubs,ustic,frigid,1741,10.74,579,0.226,"27,977","Ponderosa pine, pinyon pine, juniper, shrubs, and grasses","Loamy-skeletal, mixed, superactive, frigid Lithic Haplustalfs",sanchez,2007-06-19,best guess based on mapped soils in immediate area (NOTCOM)
34,Tonto,AZ,"34.31288, -111.03776",34.31288,-111.03776,b,b,2.5-10,2.5,10,6.25,15,southwest,alfisol,shrubs,ustic,frigid,1741,10.74,579,0.226,"27,977","Ponderosa pine, pinyon pine, juniper, shrubs, and grasses","Loamy-skeletal, mixed, superactive, frigid Lithic Haplustalfs",sanchez,2007-06-19,best guess based on mapped soils in immediate area (NOTCOM)
34,Tonto,AZ,"34.31288, -111.03776",34.31288,-111.03776,c,c,10-15+,10,15,12.5,15,southwest,alfisol,shrubs,ustic,frigid,1741,10.74,579,0.226,"27,977","Ponderosa pine, pinyon pine, juniper, shrubs, and grasses","Loamy-skeletal, mixed, superactive, frigid Lithic Haplustalfs",sanchez,2007-06-19,best guess based on mapped soils in immediate area (NOTCOM)
35,Gallup,NM,"35.50491, -108.50939",35.50491,-108.50939,litter,litter,,,,,,southwest,aridisol,shrubs,ustic,mesic,2079,9.08,310,0.125,"39,242","blue grama, western wheatgrass, bottlebrush squirreltail, needleandthread, galleta, sand dropseed, Indian ricegrass, fourwing saltbush, winterfat, spineless horsebrush, and rubber rabbitbrush","Fine, mixed, superactive, mesic Ustic Haplargids",Hawakuh,2007-07-19,
35,Gallup,NM,"35.50491, -108.50939",35.50491,-108.50939,a,a,0-4,0,4,2,9,southwest,aridisol,shrubs,ustic,mesic,2079,9.08,310,0.125,"39,242","blue grama, western wheatgrass, bottlebrush squirreltail, needleandthread, galleta, sand dropseed, Indian ricegrass, fourwing saltbush, winterfat, spineless horsebrush, and rubber rabbitbrush","Fine, mixed, superactive, mesic Ustic Haplargids",Hawakuh,2007-07-19,
35,Gallup,NM,"35.50491, -108.50939",35.50491,-108.50939,b,b,4-9+,4,9,6.5,9,southwest,aridisol,shrubs,ustic,mesic,2079,9.08,310,0.125,"39,242","blue grama, western wheatgrass, bottlebrush squirreltail, needleandthread, galleta, sand dropseed, Indian ricegrass, fourwing saltbush, winterfat, spineless horsebrush, and rubber rabbitbrush","Fine, mixed, superactive, mesic Ustic Haplargids",Hawakuh,2007-07-19,
36,El Malpais,NM,"34.95594, -107.82979",34.95594,-107.82979,litter,litter,,,,,,southwest,alfisol,shrubs,aridic,mesic,2082,9.98,282,0.111,"91,685","pinyon-juniper savanna with an understory of blue grama, bottlebrush squirreltail, and broom snakeweed","Fine-loamy, mixed, superactive, mesic Aridic Haplustalfs",celacy,2007-08-19,x
36,El Malpais,NM,"34.95594, -107.82979",34.95594,-107.82979,a,a,0-3,0,3,1.5,14,southwest,alfisol,shrubs,aridic,mesic,2082,9.98,282,0.111,"91,685","pinyon-juniper savanna with an understory of blue grama, bottlebrush squirreltail, and broom snakeweed","Fine-loamy, mixed, superactive, mesic Aridic Haplustalfs",celacy,2007-08-19,x
36,El Malpais,NM,"34.95594, -107.82979",34.95594,-107.82979,b,b,08-Mar,3,8,5.5,14,southwest,alfisol,shrubs,aridic,mesic,2082,9.98,282,0.111,"91,685","pinyon-juniper savanna with an understory of blue grama, bottlebrush squirreltail, and broom snakeweed","Fine-loamy, mixed, superactive, mesic Aridic Haplustalfs",celacy,2007-08-19,x
36,El Malpais,NM,"34.95594, -107.82979",34.95594,-107.82979,c,c,8-14+,8,14,11,14,southwest,alfisol,shrubs,aridic,mesic,2082,9.98,282,0.111,"91,685","pinyon-juniper savanna with an understory of blue grama, bottlebrush squirreltail, and broom snakeweed","Fine-loamy, mixed, superactive, mesic Aridic Haplustalfs",celacy,2007-08-19,x
37,Vegas,NM,"35.53826, -105.16809",35.53826,-105.16809,litter,litter,,,,,,southwest,entisol,grasses,ustic,mesic,1989,9.43,429,0.176,"72,724","blue grama, bottlebrush squirreltail, sand dropseed, ring muhly, snakeweed","Fine-silty, carbonatic, mesic Ustic Torriorthents",karde,2007-08-19,x
37,Vegas,NM,"35.53826, -105.16809",35.53826,-105.16809,a,a,0-8,0,8,4,16,southwest,entisol,grasses,ustic,mesic,1989,9.43,429,0.176,"72,724","blue grama, bottlebrush squirreltail, sand dropseed, ring muhly, snakeweed","Fine-silty, carbonatic, mesic Ustic Torriorthents",karde,2007-08-19,x
37,Vegas,NM,"35.53826, -105.16809",35.53826,-105.16809,c,c,8-16+,8,16,12,16,southwest,entisol,grasses,ustic,mesic,1989,9.43,429,0.176,"72,724","blue grama, bottlebrush squirreltail, sand dropseed, ring muhly, snakeweed","Fine-silty, carbonatic, mesic Ustic Torriorthents",karde,2007-08-19,x
38,Kiowa,NM,"36.07344, -104.28123",36.07344,-104.28123,litter,litter,,,,,,southwest,aridisol,shrubs,ustic,mesic,1795,10.42,392,0.147,"171,198","western wheatgrass, alkali sacaton, blue grama, galleta, sideoats grama, and vine mesquite","Fine, mixed, active, mesic Ustic Haplocambids",Litle,2007-08-19,
38,Kiowa,NM,"36.07344, -104.28123",36.07344,-104.28123,a,a,0-5,0,5,2.5,17,southwest,aridisol,shrubs,ustic,mesic,1795,10.42,392,0.147,"171,198","western wheatgrass, alkali sacaton, blue grama, galleta, sideoats grama, and vine mesquite","Fine, mixed, active, mesic Ustic Haplocambids",Litle,2007-08-19,
38,Kiowa,NM,"36.07344, -104.28123",36.07344,-104.28123,b,b,11-May,5,11,8,17,southwest,aridisol,shrubs,ustic,mesic,1795,10.42,392,0.147,"171,198","western wheatgrass, alkali sacaton, blue grama, galleta, sideoats grama, and vine mesquite","Fine, mixed, active, mesic Ustic Haplocambids",Litle,2007-08-19,
38,Kiowa,NM,"36.07344, -104.28123",36.07344,-104.28123,c,c,11-17+,11,17,14,17,southwest,aridisol,shrubs,ustic,mesic,1795,10.42,392,0.147,"171,198","western wheatgrass, alkali sacaton, blue grama, galleta, sideoats grama, and vine mesquite","Fine, mixed, active, mesic Ustic Haplocambids",Litle,2007-08-19,
39,Rita,TX,"36.41055, -102.59466",36.41055,-102.59466,litter,litter,,,,,,central,alfisol,grasses,ustic,mesic,1279,12.64,427,0.152,"340,769","mid grasses and short grasses and includes blue grama, sideoats grama and buffalograss with lesser amounts of western wheatgrass, galleta, silver bluestem and prairieclover","Coarse-loamy, carbonatic, mesic Calcidic Paleustalfs",spurlock,2007-09-19,x
39,Rita,TX,"36.41055, -102.59466",36.41055,-102.59466,a,a,0-3,0,3,1.5,17,central,alfisol,grasses,ustic,mesic,1279,12.64,427,0.152,"340,769","mid grasses and short grasses and includes blue grama, sideoats grama and buffalograss with lesser amounts of western wheatgrass, galleta, silver bluestem and prairieclover","Coarse-loamy, carbonatic, mesic Calcidic Paleustalfs",spurlock,2007-09-19,x
39,Rita,TX,"36.41055, -102.59466",36.41055,-102.59466,b,b,3-9.5,3,9.5,6.25,17,central,alfisol,grasses,ustic,mesic,1279,12.64,427,0.152,"340,769","mid grasses and short grasses and includes blue grama, sideoats grama and buffalograss with lesser amounts of western wheatgrass, galleta, silver bluestem and prairieclover","Coarse-loamy, carbonatic, mesic Calcidic Paleustalfs",spurlock,2007-09-19,x
39,Rita,TX,"36.41055, -102.59466",36.41055,-102.59466,c,c,9.5-17+,9.5,17,13.25,17,central,alfisol,grasses,ustic,mesic,1279,12.64,427,0.152,"340,769","mid grasses and short grasses and includes blue grama, sideoats grama and buffalograss with lesser amounts of western wheatgrass, galleta, silver bluestem and prairieclover","Coarse-loamy, carbonatic, mesic Calcidic Paleustalfs",spurlock,2007-09-19,x
40,Silverton,TX,"34.48575, -101.36531",34.48575,-101.36531,litter,litter,,,,,,central,mollisol,grasses,ustic,thermic,996,14.3,533,0.187,"3,098,080","blue grama and buffalograss, with lesser amounts of vine-mesquite, western wheatgrass, galleta or tobosa, silver bluestem, wild alfalfa, and prairie clove","Fine, mixed, superactive, thermic Torrertic Paleustolls",pullman,2007-09-19,x
40,Silverton,TX,"34.48575, -101.36531",34.48575,-101.36531,a,a,0-4,0,4,2,20,central,mollisol,grasses,ustic,thermic,996,14.3,533,0.187,"3,098,080","blue grama and buffalograss, with lesser amounts of vine-mesquite, western wheatgrass, galleta or tobosa, silver bluestem, wild alfalfa, and prairie clove","Fine, mixed, superactive, thermic Torrertic Paleustolls",pullman,2007-09-19,x
40,Silverton,TX,"34.48575, -101.36531",34.48575,-101.36531,b,b,11-Apr,4,11,7.5,20,central,mollisol,grasses,ustic,thermic,996,14.3,533,0.187,"3,098,080","blue grama and buffalograss, with lesser amounts of vine-mesquite, western wheatgrass, galleta or tobosa, silver bluestem, wild alfalfa, and prairie clove","Fine, mixed, superactive, thermic Torrertic Paleustolls",pullman,2007-09-19,x
40,Silverton,TX,"34.48575, -101.36531",34.48575,-101.36531,c,c,11-20+,11,20,15.5,20,central,mollisol,grasses,ustic,thermic,996,14.3,533,0.187,"3,098,080","blue grama and buffalograss, with lesser amounts of vine-mesquite, western wheatgrass, galleta or tobosa, silver bluestem, wild alfalfa, and prairie clove","Fine, mixed, superactive, thermic Torrertic Paleustolls",pullman,2007-09-19,x
41,Arbuckle,OK,"34.29457, -96.96809",34.29457,-96.96809,litter,litter,,,,,,central,mollisol,grasses,ustic,thermic,243,16.78,974,0.429,"205,269",tall grass,"Fine, smectitic, thermic Udertic Argiustolls",durant,2007-10-19,burleson - change to durant
41,Arbuckle,OK,"34.29457, -96.96809",34.29457,-96.96809,a,a,0-4,0,4,2,19,central,mollisol,grasses,ustic,thermic,243,16.78,974,0.429,"205,269",tall grass,"Fine, smectitic, thermic Udertic Argiustolls",durant,2007-10-19,burleson - change to durant
41,Arbuckle,OK,"34.29457, -96.96809",34.29457,-96.96809,b,b1,10-Apr,4,10,7,19,central,mollisol,grasses,ustic,thermic,243,16.78,974,0.429,"205,269",tall grass,"Fine, smectitic, thermic Udertic Argiustolls",durant,2007-10-19,burleson - change to durant
41,Arbuckle,OK,"34.29457, -96.96809",34.29457,-96.96809,c,b2,10-19+,10,19,14.5,19,central,mollisol,grasses,ustic,thermic,243,16.78,974,0.429,"205,269",tall grass,"Fine, smectitic, thermic Udertic Argiustolls",durant,2007-10-19,burleson - change to durant
42,Bonham,TX,"33.64435, -96.13400",33.64435,-96.134,litter,litter,,,,,,central,alfisol,mixed coniferous and hardwood forest,udic,thermic,173,17.16,1100,0.502,"42,499","mixed hardwoods, mainly post oak and red oak","Fine, mixed, semiactive, thermic Glossaquic Paleudalfs",Porum,2007-10-19,
42,Bonham,TX,"33.64435, -96.13400",33.64435,-96.134,a,a,0-2,0,2,1,21,central,alfisol,mixed coniferous and hardwood forest,udic,thermic,173,17.16,1100,0.502,"42,499","mixed hardwoods, mainly post oak and red oak","Fine, mixed, semiactive, thermic Glossaquic Paleudalfs",Porum,2007-10-19,
42,Bonham,TX,"33.64435, -96.13400",33.64435,-96.134,b,b1,13-Feb,2,13,7.5,21,central,alfisol,mixed coniferous and hardwood forest,udic,thermic,173,17.16,1100,0.502,"42,499","mixed hardwoods, mainly post oak and red oak","Fine, mixed, semiactive, thermic Glossaquic Paleudalfs",Porum,2007-10-19,
42,Bonham,TX,"33.64435, -96.13400",33.64435,-96.134,c,b2,13-21+,13,21,17,21,central,alfisol,mixed coniferous and hardwood forest,udic,thermic,173,17.16,1100,0.502,"42,499","mixed hardwoods, mainly post oak and red oak","Fine, mixed, semiactive, thermic Glossaquic Paleudalfs",Porum,2007-10-19,
43,Gambil,TX,"33.69976, -95.65833",33.69976,-95.65833,litter,litter,,,,,,central,mollisol,grasses,udic,thermic,166,16.94,1149,0.54,"9,845",native tall prairie grasses,"Fine, smectitic, thermic Vertic Argiudolls",parisian,2007-10-19,x
43,Gambil,TX,"33.69976, -95.65833",33.69976,-95.65833,a,a,0-9,0,9,4.5,29,central,mollisol,grasses,udic,thermic,166,16.94,1149,0.54,"9,845",native tall prairie grasses,"Fine, smectitic, thermic Vertic Argiudolls",parisian,2007-10-19,x
43,Gambil,TX,"33.69976, -95.65833",33.69976,-95.65833,b,b1,21-Sep,9,21,15,29,central,mollisol,grasses,udic,thermic,166,16.94,1149,0.54,"9,845",native tall prairie grasses,"Fine, smectitic, thermic Vertic Argiudolls",parisian,2007-10-19,x
43,Gambil,TX,"33.69976, -95.65833",33.69976,-95.65833,c,b2,21-29+,21,29,25,29,central,mollisol,grasses,udic,thermic,166,16.94,1149,0.54,"9,845",native tall prairie grasses,"Fine, smectitic, thermic Vertic Argiudolls",parisian,2007-10-19,x
44,Ouachita,AR,"34.68736, -93.81714",34.68736,-93.81714,litter,litter,,,,,,southeast,ultisol,deciduous hardwood forest,udic,thermic,276,15.2,1352,0.703,"50,246","Bermuda grass, Bahaiagrass, tall fescue; where wooded: Red Oak, Post Oak, Blackjack Oak, Sweetgum, Walnuts and Shortleaf Pine","Fine-loamy, siliceous, semiactive, thermic Typic Paleudults",avilla,2007-11-19,x
44,Ouachita,AR,"34.68736, -93.81714",34.68736,-93.81714,a,a,0-3,0,3,1.5,15,southeast,ultisol,deciduous hardwood forest,udic,thermic,276,15.2,1352,0.703,"50,246","Bermuda grass, Bahaiagrass, tall fescue; where wooded: Red Oak, Post Oak, Blackjack Oak, Sweetgum, Walnuts and Shortleaf Pine","Fine-loamy, siliceous, semiactive, thermic Typic Paleudults",avilla,2007-11-19,x
44,Ouachita,AR,"34.68736, -93.81714",34.68736,-93.81714,b,b1,08-Mar,3,8,5.5,15,southeast,ultisol,deciduous hardwood forest,udic,thermic,276,15.2,1352,0.703,"50,246","Bermuda grass, Bahaiagrass, tall fescue; where wooded: Red Oak, Post Oak, Blackjack Oak, Sweetgum, Walnuts and Shortleaf Pine","Fine-loamy, siliceous, semiactive, thermic Typic Paleudults",avilla,2007-11-19,x
44,Ouachita,AR,"34.68736, -93.81714",34.68736,-93.81714,c,b2,8-15+,8,15,11.5,15,southeast,ultisol,deciduous hardwood forest,udic,thermic,276,15.2,1352,0.703,"50,246","Bermuda grass, Bahaiagrass, tall fescue; where wooded: Red Oak, Post Oak, Blackjack Oak, Sweetgum, Walnuts and Shortleaf Pine","Fine-loamy, siliceous, semiactive, thermic Typic Paleudults",avilla,2007-11-19,x
45,Dagmar,AR,"34.85021, -91.29857",34.85021,-91.29857,litter,litter,,,,,,southeast,vertisol,deciduous hardwood forest,aquic,thermic,53,16.42,1256,0.613,"3,718,975",bottomland hardwoods,"Very-fine, smectitic, thermic Chromic Epiaquerts",Sharkey,2007-11-19,
45,Dagmar,AR,"34.85021, -91.29857",34.85021,-91.29857,a,a,0-3.5,0,3.5,1.75,29,southeast,vertisol,deciduous hardwood forest,aquic,thermic,53,16.42,1256,0.613,"3,718,975",bottomland hardwoods,"Very-fine, smectitic, thermic Chromic Epiaquerts",Sharkey,2007-11-19,
45,Dagmar,AR,"34.85021, -91.29857",34.85021,-91.29857,b,b1,3.5-18,3.5,18,10.75,29,southeast,vertisol,deciduous hardwood forest,aquic,thermic,53,16.42,1256,0.613,"3,718,975",bottomland hardwoods,"Very-fine, smectitic, thermic Chromic Epiaquerts",Sharkey,2007-11-19,
45,Dagmar,AR,"34.85021, -91.29857",34.85021,-91.29857,c,b2,18-29+,18,29,23.5,29,southeast,vertisol,deciduous hardwood forest,aquic,thermic,53,16.42,1256,0.613,"3,718,975",bottomland hardwoods,"Very-fine, smectitic, thermic Chromic Epiaquerts",Sharkey,2007-11-19,
46,Lewis,TN,"35.55439, -87.63462",35.55439,-87.63462,litter,litter,,,,,,southeast,ultisol,deciduous hardwood forest,udic,thermic,276,14.08,1446,0.79,"151,630","mixed hardwood forest consisting chiefly of oaks, hickories, and beech","Fine-silty, mixed, semiactive, thermic Typic Fragiudults",lax,2007-12-19,x
46,Lewis,TN,"35.55439, -87.63462",35.55439,-87.63462,a,a,0-2.5,0,2.5,1.25,15,southeast,ultisol,deciduous hardwood forest,udic,thermic,276,14.08,1446,0.79,"151,630","mixed hardwood forest consisting chiefly of oaks, hickories, and beech","Fine-silty, mixed, semiactive, thermic Typic Fragiudults",lax,2007-12-19,x
46,Lewis,TN,"35.55439, -87.63462",35.55439,-87.63462,b,b1,2.5-9,2.5,9,5.75,15,southeast,ultisol,deciduous hardwood forest,udic,thermic,276,14.08,1446,0.79,"151,630","mixed hardwood forest consisting chiefly of oaks, hickories, and beech","Fine-silty, mixed, semiactive, thermic Typic Fragiudults",lax,2007-12-19,x
46,Lewis,TN,"35.55439, -87.63462",35.55439,-87.63462,c,b2,9-15+,9,15,12,15,southeast,ultisol,deciduous hardwood forest,udic,thermic,276,14.08,1446,0.79,"151,630","mixed hardwood forest consisting chiefly of oaks, hickories, and beech","Fine-silty, mixed, semiactive, thermic Typic Fragiudults",lax,2007-12-19,x
47,Prentice,TN,"35.13363, -85.91830",35.13363,-85.9183,litter,litter,,,,,,southeast,alfisol,deciduous hardwood forest,udic,thermic,564,14,1546,0.874,"622,346","hardwoods, chiefly oak, hickory, elm, maple, and redcedar","Fine, mixed, semiactive, thermic Typic Hapludalfs",talbott,2007-12-19,ramsey-change to talbott
47,Prentice,TN,"35.13363, -85.91830",35.13363,-85.9183,a,a,0-3,0,3,1.5,22,southeast,alfisol,deciduous hardwood forest,udic,thermic,564,14,1546,0.874,"622,346","hardwoods, chiefly oak, hickory, elm, maple, and redcedar","Fine, mixed, semiactive, thermic Typic Hapludalfs",talbott,2007-12-19,ramsey-change to talbott
47,Prentice,TN,"35.13363, -85.91830",35.13363,-85.9183,b,b1,3-9.5,3,9.5,6.25,22,southeast,alfisol,deciduous hardwood forest,udic,thermic,564,14,1546,0.874,"622,346","hardwoods, chiefly oak, hickory, elm, maple, and redcedar","Fine, mixed, semiactive, thermic Typic Hapludalfs",talbott,2007-12-19,ramsey-change to talbott
47,Prentice,TN,"35.13363, -85.91830",35.13363,-85.9183,c,b2,9.5-22+,9.5,22,15.75,22,southeast,alfisol,deciduous hardwood forest,udic,thermic,564,14,1546,0.874,"622,346","hardwoods, chiefly oak, hickory, elm, maple, and redcedar","Fine, mixed, semiactive, thermic Typic Hapludalfs",talbott,2007-12-19,ramsey-change to talbott
48,Stone Mountain,NC,"36.39753, -81.03891",36.39753,-81.03891,litter,litter,,,,,,southeast,ultisol,deciduous hardwood forest,udic,mesic,536,12.36,1215,0.744,"169,922","scarlet oak, white oak, yellow-poplar, eastern white pine, shortleaf pine, Virginia pine, and northern red oak. Understory plants include mountain-laurel, rhododendron, blueberry, greenbrier, flowering dogwood, black locust, honeysuckle, sourwood, and flame azalea","Fine-loamy, mixed, semiactive, mesic Typic Hapludults",tate,7-15-19,not listed
48,Stone Mountain,NC,"36.39753, -81.03891",36.39753,-81.03891,a,a,0-2,0,2,1,17,southeast,ultisol,deciduous hardwood forest,udic,mesic,536,12.36,1215,0.744,"169,922","scarlet oak, white oak, yellow-poplar, eastern white pine, shortleaf pine, Virginia pine, and northern red oak. Understory plants include mountain-laurel, rhododendron, blueberry, greenbrier, flowering dogwood, black locust, honeysuckle, sourwood, and flame azalea","Fine-loamy, mixed, semiactive, mesic Typic Hapludults",tate,7-16-19,not listed
48,Stone Mountain,NC,"36.39753, -81.03891",36.39753,-81.03891,b,b,12-Feb,2,12,7,17,southeast,ultisol,deciduous hardwood forest,udic,mesic,536,12.36,1215,0.744,"169,922","scarlet oak, white oak, yellow-poplar, eastern white pine, shortleaf pine, Virginia pine, and northern red oak. Understory plants include mountain-laurel, rhododendron, blueberry, greenbrier, flowering dogwood, black locust, honeysuckle, sourwood, and flame azalea","Fine-loamy, mixed, semiactive, mesic Typic Hapludults",tate,7-16-19,not listed
48,Stone Mountain,NC,"36.39753, -81.03891",36.39753,-81.03891,c,c,12-17+,12,17,14.5,17,southeast,ultisol,deciduous hardwood forest,udic,mesic,536,12.36,1215,0.744,"169,922","scarlet oak, white oak, yellow-poplar, eastern white pine, shortleaf pine, Virginia pine, and northern red oak. Understory plants include mountain-laurel, rhododendron, blueberry, greenbrier, flowering dogwood, black locust, honeysuckle, sourwood, and flame azalea","Fine-loamy, mixed, semiactive, mesic Typic Hapludults",tate,7-16-19,not listed
49,Jefferson,VA,"37.80105, -79.63214",37.80105,-79.63214,litter,litter,,,,,,southeast,inceptisol,deciduous hardwood forest,udic,mesic,520,11.52,1049,0.637,"152,326","oaks, hickory, yellow poplar and locust","Loamy-skeletal, mixed, active, mesic Ruptic-Ultic Dystrudepts",litz,7-16-19,x
49,Jefferson,VA,"37.80105, -79.63214",37.80105,-79.63214,a,a,0-2.5,0,2.5,1.25,20,southeast,inceptisol,deciduous hardwood forest,udic,mesic,520,11.52,1049,0.637,"152,326","oaks, hickory, yellow poplar and locust","Loamy-skeletal, mixed, active, mesic Ruptic-Ultic Dystrudepts",litz,7-16-19,x
49,Jefferson,VA,"37.80105, -79.63214",37.80105,-79.63214,b,b,2.5-11,2.5,11,6.75,20,southeast,inceptisol,deciduous hardwood forest,udic,mesic,520,11.52,1049,0.637,"152,326","oaks, hickory, yellow poplar and locust","Loamy-skeletal, mixed, active, mesic Ruptic-Ultic Dystrudepts",litz,7-16-19,x
49,Jefferson,VA,"37.80105, -79.63214",37.80105,-79.63214,c,c,11-20+,11,20,15.5,20,southeast,inceptisol,deciduous hardwood forest,udic,mesic,520,11.52,1049,0.637,"152,326","oaks, hickory, yellow poplar and locust","Loamy-skeletal, mixed, active, mesic Ruptic-Ultic Dystrudepts",litz,7-16-19,x
50,Monongahela,WV,"38.96732, -79.23654",38.96732,-79.23654,litter,litter,,,,,,southeast,alfisol,deciduous hardwood forest,udic,mesic,510,10.64,973,0.624,"49,682",mixed oaks,"Clayey, mixed, active, mesic Lithic Hapludalfs",opequon,7-16-19,not listed
50,Monongahela,WV,"38.96732, -79.23654",38.96732,-79.23654,a,a,0-7,0,7,3.5,26,southeast,alfisol,deciduous hardwood forest,udic,mesic,510,10.64,973,0.624,"49,682",mixed oaks,"Clayey, mixed, active, mesic Lithic Hapludalfs",opequon,7-16-19,not listed
50,Monongahela,WV,"38.96732, -79.23654",38.96732,-79.23654,b,b,18-Jul,7,18,12.5,26,southeast,alfisol,deciduous hardwood forest,udic,mesic,510,10.64,973,0.624,"49,682",mixed oaks,"Clayey, mixed, active, mesic Lithic Hapludalfs",opequon,7-16-19,not listed
50,Monongahela,WV,"38.96732, -79.23654",38.96732,-79.23654,c,c,18-26+,18,26,22,26,southeast,alfisol,deciduous hardwood forest,udic,mesic,510,10.64,973,0.624,"49,682",mixed oaks,"Clayey, mixed, active, mesic Lithic Hapludalfs",opequon,7-16-19,not listed
51,Finger Lakes,NY,"42.49991, -76.78337",42.49991,-76.78337,litter,litter,,,,,,northeast,inceptisol,deciduous hardwood forest,aquic,mesic,547,7.08,952,0.728,"195,885","sugar maple, white ash, northern red oak, white pine, and hemlock","Fine-loamy, mixed, active, mesic Aeric Fragiaquepts",erie,,
51,Finger Lakes,NY,"42.49991, -76.78338",42.49991,-76.78338,a,a,0-6,0,6,3,20,northeast,inceptisol,deciduous hardwood forest,aquic,mesic,547,7.08,952,0.728,"195,885","sugar maple, white ash, northern red oak, white pine, and hemlock","Fine-loamy, mixed, active, mesic Aeric Fragiaquepts",erie,,
51,Finger Lakes,NY,"42.49991, -76.78339",42.49991,-76.78339,b,b,12-Jun,6,12,9,20,northeast,inceptisol,deciduous hardwood forest,aquic,mesic,547,7.08,952,0.728,"195,885","sugar maple, white ash, northern red oak, white pine, and hemlock","Fine-loamy, mixed, active, mesic Aeric Fragiaquepts",erie,,
51,Finger Lakes,NY,"42.49991, -76.78340",42.49991,-76.7834,c,c,12-20+,12,20,16,20,northeast,inceptisol,deciduous hardwood forest,aquic,mesic,547,7.08,952,0.728,"195,885","sugar maple, white ash, northern red oak, white pine, and hemlock","Fine-loamy, mixed, active, mesic Aeric Fragiaquepts",erie,,
52,Waitsfield,VT,"44.18097, -72.81144",44.18097,-72.81144,litter,litter,,,,,,northeast,spodosol,mixed coniferous and hardwood forest,udic,frigid,260,5.93,1072,0.878,"696,634","paper birch, eastern white pine, white ash, red pine, balsam fir, white spruce, sugar maple, yellow birch, and red spruce","Coarse-loamy, isotic, frigid Typic Haplorthods",berkshire,7-23-19,
52,Waitsfield,VT,"44.18097, -72.81145",44.18097,-72.81145,a,a,0-3,0,3,1.5,20,northeast,spodosol,mixed coniferous and hardwood forest,udic,frigid,260,5.93,1072,0.878,"696,634","paper birch, eastern white pine, white ash, red pine, balsam fir, white spruce, sugar maple, yellow birch, and red spruce","Coarse-loamy, isotic, frigid Typic Haplorthods",berkshire,7-23-19,
52,Waitsfield,VT,"44.18097, -72.81146",44.18097,-72.81146,b,b,15-Mar,3,15,9,20,northeast,spodosol,mixed coniferous and hardwood forest,udic,frigid,260,5.93,1072,0.878,"696,634","paper birch, eastern white pine, white ash, red pine, balsam fir, white spruce, sugar maple, yellow birch, and red spruce","Coarse-loamy, isotic, frigid Typic Haplorthods",berkshire,7-23-19,
52,Waitsfield,VT,"44.18097, -72.81147",44.18097,-72.81147,c,c,15-20+,15,20,17.5,20,northeast,spodosol,mixed coniferous and hardwood forest,udic,frigid,260,5.93,1072,0.878,"696,634","paper birch, eastern white pine, white ash, red pine, balsam fir, white spruce, sugar maple, yellow birch, and red spruce","Coarse-loamy, isotic, frigid Typic Haplorthods",berkshire,7-23-19,
53,White Mountains,NH,"44.33556, -71.45993",44.33556,-71.45993,litter,litter,,,,,,northeast,inceptisol,mixed coniferous and hardwood forest,aquic,frigid,493,4.59,1101,0.954,"282,829","red maple, sugar maple, eastern white pine, yellow birch, red spruce, balsam fir, and northern red oak","Coarse-loamy, mixed, superactive, acid, frigid Humic Endoaquepts",Pillsbury,7-23-19,
53,White Mountains,NH,"44.33556, -71.45994",44.33556,-71.45994,a,a,0-11,0,11,5.5,28,northeast,inceptisol,mixed coniferous and hardwood forest,aquic,frigid,493,4.59,1101,0.954,"282,829","red maple, sugar maple, eastern white pine, yellow birch, red spruce, balsam fir, and northern red oak","Coarse-loamy, mixed, superactive, acid, frigid Humic Endoaquepts",Pillsbury,7-23-19,
53,White Mountains,NH,"44.33556, -71.45995",44.33556,-71.45995,b,b,25-Nov,11,25,18,28,northeast,inceptisol,mixed coniferous and hardwood forest,aquic,frigid,493,4.59,1101,0.954,"282,829","red maple, sugar maple, eastern white pine, yellow birch, red spruce, balsam fir, and northern red oak","Coarse-loamy, mixed, superactive, acid, frigid Humic Endoaquepts",Pillsbury,7-23-19,
53,White Mountains,NH,"44.33556, -71.45996",44.33556,-71.45996,c,c,25-28,25,28,26.5,28,northeast,inceptisol,mixed coniferous and hardwood forest,aquic,frigid,493,4.59,1101,0.954,"282,829","red maple, sugar maple, eastern white pine, yellow birch, red spruce, balsam fir, and northern red oak","Coarse-loamy, mixed, superactive, acid, frigid Humic Endoaquepts",Pillsbury,7-23-19,
54,Bangor,ME,"44.96711, -68.54114",44.96711,-68.54114,litter,litter,,,,,,northeast,spodosol,mixed coniferous and hardwood forest,aquic,frigid,51,6.08,1067,0.828,"1,676,254","red maple, elm, gray birch, white ash, balsam fir, red and white spruce, tamarack, and some eastern white pine","Coarse-loamy, isotic, frigid Aquic Haplorthods",peru,7-25-19,
54,Bangor,ME,"44.96711, -68.54115",44.96711,-68.54115,a,a,0-4,0,4,2,21,northeast,spodosol,mixed coniferous and hardwood forest,aquic,frigid,51,6.08,1067,0.828,"1,676,254","red maple, elm, gray birch, white ash, balsam fir, red and white spruce, tamarack, and some eastern white pine","Coarse-loamy, isotic, frigid Aquic Haplorthods",peru,7-25-19,
54,Bangor,ME,"44.96711, -68.54116",44.96711,-68.54116,b,b,16-Apr,4,16,10,21,northeast,spodosol,mixed coniferous and hardwood forest,aquic,frigid,51,6.08,1067,0.828,"1,676,254","red maple, elm, gray birch, white ash, balsam fir, red and white spruce, tamarack, and some eastern white pine","Coarse-loamy, isotic, frigid Aquic Haplorthods",peru,7-25-19,
54,Bangor,ME,"44.96711, -68.54117",44.96711,-68.54117,c,c,16-18,16,18,17,21,northeast,spodosol,mixed coniferous and hardwood forest,aquic,frigid,51,6.08,1067,0.828,"1,676,254","red maple, elm, gray birch, white ash, balsam fir, red and white spruce, tamarack, and some eastern white pine","Coarse-loamy, isotic, frigid Aquic Haplorthods",peru,7-25-19,
55,Aroostook,ME,"46.60899, -68.00531",46.60899,-68.00531,litter,litter,,,,,,northeast,spodosol,mixed coniferous and hardwood forest,aquic,frigid,193,3.84,924,0.803,"642,598","sugar maple, yellow birch, paper birch, eastern white pine, red pine, white spruce, red spruce and balsam fir","Coarse-loamy, isotic, frigid Oxyaquic Haplorthods",plaisted,7-26-19,
55,Aroostook,ME,"46.60899, -68.00532",46.60899,-68.00532,a,a,0-2,0,2,1,30,northeast,spodosol,mixed coniferous and hardwood forest,aquic,frigid,193,3.84,924,0.803,"642,598","sugar maple, yellow birch, paper birch, eastern white pine, red pine, white spruce, red spruce and balsam fir","Coarse-loamy, isotic, frigid Oxyaquic Haplorthods",plaisted,7-26-19,
55,Aroostook,ME,"46.60899, -68.00533",46.60899,-68.00533,b,b,25-Feb,2,25,13.5,30,northeast,spodosol,mixed coniferous and hardwood forest,aquic,frigid,193,3.84,924,0.803,"642,598","sugar maple, yellow birch, paper birch, eastern white pine, red pine, white spruce, red spruce and balsam fir","Coarse-loamy, isotic, frigid Oxyaquic Haplorthods",plaisted,7-26-19,
55,Aroostook,ME,"46.60899, -68.00534",46.60899,-68.00534,c,c,25-30,25,30,27.5,30,northeast,spodosol,mixed coniferous and hardwood forest,aquic,frigid,193,3.84,924,0.803,"642,598","sugar maple, yellow birch, paper birch, eastern white pine, red pine, white spruce, red spruce and balsam fir","Coarse-loamy, isotic, frigid Oxyaquic Haplorthods",plaisted,7-26-19,
56,John Lusby,NS,"45.93782, -64.24512",45.93782,-64.24512,litter,litter,,,,,,northeast,spodosol,mixed coniferous and hardwood forest,udic,cryic,4,5.62,1136,1.078,,,,,7-30-19,
56,John Lusby,NS,"45.93782, -64.24513",45.93782,-64.24513,a,a,0-3,0,3,1.5,8,northeast,spodosol,mixed coniferous and hardwood forest,udic,cryic,4,5.62,1136,1.078,,,,,7-30-19,
56,John Lusby,NS,"45.93782, -64.24514",45.93782,-64.24514,c,c,07-Mar,3,7,5,8,northeast,spodosol,mixed coniferous and hardwood forest,udic,cryic,4,5.62,1136,1.078,,,,,7-30-19,
57,Halifax,NS,"44.69163, -63.69352",44.69163,-63.69352,litter,litter,,,,,,northeast,spodosol,mixed coniferous and hardwood forest,udic,cryic,57,6.56,1448,1.281,,,,,7-31-19,
57,Halifax,NS,"44.69163, -63.69353",44.69163,-63.69353,a,a,0-4,0,4,2,14,northeast,spodosol,mixed coniferous and hardwood forest,udic,cryic,57,6.56,1448,1.281,,,,,7-31-19,
57,Halifax,NS,"44.69163, -63.69354",44.69163,-63.69354,e,e,07-Apr,4,7,5.5,14,northeast,spodosol,mixed coniferous and hardwood forest,udic,cryic,57,6.56,1448,1.281,,,,,7-31-19,
57,Halifax,NS,"44.69163, -63.69355",44.69163,-63.69355,b,b,11-May,5,11,8,14,northeast,spodosol,mixed coniferous and hardwood forest,udic,cryic,57,6.56,1448,1.281,,,,,7-31-19,
57,Halifax,NS,"44.69163, -63.69356",44.69163,-63.69356,c,c,14-Nov,11,14,12.5,14,northeast,spodosol,mixed coniferous and hardwood forest,udic,cryic,57,6.56,1448,1.281,,,,,7-31-19,
58,Kentville,NS,"45.04668, -64.51591",45.04668,-64.51591,litter,litter,,,,,,northeast,spodosol,mixed coniferous and hardwood forest,udic,cryic,108,6.25,1216,1.072,,,,,,
58,Kentville,NS,"45.04668, -64.51592",45.04668,-64.51592,a,a,0-13,0,13,6.5,23,northeast,spodosol,mixed coniferous and hardwood forest,udic,cryic,108,6.25,1216,1.072,,,,,,
58,Kentville,NS,"45.04668, -64.51593",45.04668,-64.51593,b,b,13-18,13,18,15.5,23,northeast,spodosol,mixed coniferous and hardwood forest,udic,cryic,108,6.25,1216,1.072,,,,,,
58,Kentville,NS,"45.04668, -64.51594",45.04668,-64.51594,c,c,18-23+,18,23,20.5,23,northeast,spodosol,mixed coniferous and hardwood forest,udic,cryic,108,6.25,1216,1.072,,,,,,
59,Portobello Creek,NB,"45.90001, -6625795",45.90001,-6625795,litter,litter,,,,,,northeast,spodosol,deciduous hardwood forest,udic,cryic,12,5.64,1115,0.978,,,,,2008-02-19,
59,Portobello Creek,NB,"45.90001, -6625796",45.90001,-6625796,a,a,0-3,0,3,1.5,18,northeast,spodosol,deciduous hardwood forest,udic,cryic,12,5.64,1115,0.978,,,,,2008-02-19,
59,Portobello Creek,NB,"45.90001, -6625797",45.90001,-6625797,b,b,14-Mar,3,14,8.5,18,northeast,spodosol,deciduous hardwood forest,udic,cryic,12,5.64,1115,0.978,,,,,2008-02-19,
59,Portobello Creek,NB,"45.90001, -6625798",45.90001,-6625798,c,c,14-18,14,18,16,18,northeast,spodosol,deciduous hardwood forest,udic,cryic,12,5.64,1115,0.978,,,,,2008-02-19,
60,Cabano,QC,"47.65099, -68.90662",47.65099,-68.90662,litter,litter,,,,,,northeast,spodosol,deciduous hardwood forest,udic,cryic,178,3.03,1001,0.903,,,,,2008-03-19,
60,Cabano,QC,"47.65099, -68.90663",47.65099,-68.90663,a,a,0-16,0,16,8,21,northeast,spodosol,deciduous hardwood forest,udic,cryic,178,3.03,1001,0.903,,,,,2008-03-19,
60,Cabano,QC,"47.65099, -68.90664",47.65099,-68.90664,c,c,16-21+,16,21,18.5,21,northeast,spodosol,deciduous hardwood forest,udic,cryic,178,3.03,1001,0.903,,,,,2008-03-19,
61,Trois R,QC,"46.29235, -72.71220",46.29235,-72.7122,litter,litter,,,,,,northeast,spodosol,mixed coniferous and hardwood forest,udic,cryic,10,4.86,993,0.879,,,,,2008-05-19,
61,Trois R,QC,"46.29235, -72.71221",46.29235,-72.71221,a,a,0-4,0,4,2,15,northeast,spodosol,mixed coniferous and hardwood forest,udic,cryic,10,4.86,993,0.879,,,,,2008-05-19,
61,Trois R,QC,"46.29235, -72.71222",46.29235,-72.71222,b,b,10-Apr,4,10,7,15,northeast,spodosol,mixed coniferous and hardwood forest,udic,cryic,10,4.86,993,0.879,,,,,2008-05-19,
61,Trois R,QC,"46.29235, -72.71223",46.29235,-72.71223,c,c,10-15+,10,15,12.5,15,northeast,spodosol,mixed coniferous and hardwood forest,udic,cryic,10,4.86,993,0.879,,,,,2008-05-19,
62,Vermontville,NY,"44.50437, -74.02173",44.50437,-74.02173,litter,litter,,,,,,northeast,spodosol,mixed coniferous and hardwood forest,udic,frigid,528,4.34,1042,0.93,"937,810","northern red oak, eastern white pine, paper birch, American beech, eastern hemlock, and red pine","Coarse-loamy over sandy or sandy-skeletal, isotic over mixed, frigid Typic Haplorthods",monandock,2008-09-19,
62,Vermontville,NY,"44.50437, -74.02174",44.50437,-74.02174,a,a,05-Jan,1,5,3,23,northeast,spodosol,mixed coniferous and hardwood forest,udic,frigid,528,4.34,1042,0.93,"937,810","northern red oak, eastern white pine, paper birch, American beech, eastern hemlock, and red pine","Coarse-loamy over sandy or sandy-skeletal, isotic over mixed, frigid Typic Haplorthods",monandock,2008-09-19,
62,Vermontville,NY,"44.50437, -74.02175",44.50437,-74.02175,b,b,17-May,5,17,11,23,northeast,spodosol,mixed coniferous and hardwood forest,udic,frigid,528,4.34,1042,0.93,"937,810","northern red oak, eastern white pine, paper birch, American beech, eastern hemlock, and red pine","Coarse-loamy over sandy or sandy-skeletal, isotic over mixed, frigid Typic Haplorthods",monandock,2008-09-19,
62,Vermontville,NY,"44.50437, -74.02176",44.50437,-74.02176,c,c,17-23,17,23,20,23,northeast,spodosol,mixed coniferous and hardwood forest,udic,frigid,528,4.34,1042,0.93,"937,810","northern red oak, eastern white pine, paper birch, American beech, eastern hemlock, and red pine","Coarse-loamy over sandy or sandy-skeletal, isotic over mixed, frigid Typic Haplorthods",monandock,2008-09-19,
63,Ohio,NY,"43.36009, -74.96688",43.36009,-74.96688,litter,litter,,,,,,northeast,spodosol,mixed coniferous and hardwood forest,udic,frigid,403,5.73,1258,1.058,"815,798","maple, beech, spruce, and pine","Sandy, isotic, frigid Typic Haplorthods",adams,2008-11-19,
63,Ohio,NY,"43.36009, -74.96689",43.36009,-74.96689,a,a,0-6,0,6,3,16,northeast,spodosol,mixed coniferous and hardwood forest,udic,frigid,403,5.73,1258,1.058,"815,798","maple, beech, spruce, and pine","Sandy, isotic, frigid Typic Haplorthods",adams,2008-11-19,
63,Ohio,NY,"43.36009, -74.96690",43.36009,-74.9669,b,b,13-Jun,6,13,9.5,16,northeast,spodosol,mixed coniferous and hardwood forest,udic,frigid,403,5.73,1258,1.058,"815,798","maple, beech, spruce, and pine","Sandy, isotic, frigid Typic Haplorthods",adams,2008-11-19,
63,Ohio,NY,"43.36009, -74.96691",43.36009,-74.96691,c,c,13-16+,13,16,14.5,16,northeast,spodosol,mixed coniferous and hardwood forest,udic,frigid,403,5.73,1258,1.058,"815,798","maple, beech, spruce, and pine","Sandy, isotic, frigid Typic Haplorthods",adams,2008-11-19,
64,Moscow,ID,"46.798639, -116.900645",46.798639,-116.900645,litter,litter,,,,,,west,alfisol,coniferous forest,xeric,frigid,1021.3,7.16,700,0.466,"48,198","grand fir, Douglas-fir, western white pine, ponderosa pine, western larch, and lodgepole pine, with an understory of myrtle pachystima, Columbia brome, American trailplant, baldhip rose, starry false-Solomon's-seal, sweetscented bedstraw, pine reedgrass, common snowberry, elk sedge, mallow ninebark, creambush oceanspray, and white spirea","Fine-loamy, isotic, frigid Vitrandic Haploxeralfs",kruse,2008-12-19,
64,Moscow,ID,"46.798639, -116.900646",46.798639,-116.900646,a,a,0-6,0,6,3,65,west,alfisol,coniferous forest,xeric,frigid,1021.3,7.16,700,0.466,"48,198","grand fir, Douglas-fir, western white pine, ponderosa pine, western larch, and lodgepole pine, with an understory of myrtle pachystima, Columbia brome, American trailplant, baldhip rose, starry false-Solomon's-seal, sweetscented bedstraw, pine reedgrass, common snowberry, elk sedge, mallow ninebark, creambush oceanspray, and white spirea","Fine-loamy, isotic, frigid Vitrandic Haploxeralfs",kruse,2008-12-19,
64,Moscow,ID,"46.798639, -116.900647",46.798639,-116.900647,b,b,29-Jun,15,29,22,65,west,alfisol,coniferous forest,xeric,frigid,1021.3,7.16,700,0.466,"48,198","grand fir, Douglas-fir, western white pine, ponderosa pine, western larch, and lodgepole pine, with an understory of myrtle pachystima, Columbia brome, American trailplant, baldhip rose, starry false-Solomon's-seal, sweetscented bedstraw, pine reedgrass, common snowberry, elk sedge, mallow ninebark, creambush oceanspray, and white spirea","Fine-loamy, isotic, frigid Vitrandic Haploxeralfs",kruse,2008-12-19,
64,Moscow,ID,"46.798639, -116.900648",46.798639,-116.900648,c,c,75-65,75,65,70,65,west,alfisol,coniferous forest,xeric,frigid,1021.3,7.16,700,0.466,"48,198","grand fir, Douglas-fir, western white pine, ponderosa pine, western larch, and lodgepole pine, with an understory of myrtle pachystima, Columbia brome, American trailplant, baldhip rose, starry false-Solomon's-seal, sweetscented bedstraw, pine reedgrass, common snowberry, elk sedge, mallow ninebark, creambush oceanspray, and white spirea","Fine-loamy, isotic, frigid Vitrandic Haploxeralfs",kruse,2008-12-19,
65,Brundage,ID,"44.957924, -116.169671",44.957924,-116.169671,litter,litter,,,,,,west,entisol,coniferous forest,xeric,frigid,1525.7,4.56,618,0.409,"48,139","Douglas-fir, ponderosa pine, white spirea and mallow ninebark","Sandy-skeletal, mixed, frigid Typic Xerorthents",quartzburg variant,2008-10-19,
65,Brundage,ID,"44.957924, -116.169672",44.957924,-116.169672,a,a,0-3,0,3,1.5,15,west,entisol,coniferous forest,xeric,frigid,1525.7,4.56,618,0.409,"48,139","Douglas-fir, ponderosa pine, white spirea and mallow ninebark","Sandy-skeletal, mixed, frigid Typic Xerorthents",quartzburg variant,2008-10-19,
65,Brundage,ID,"44.957924, -116.169673",44.957924,-116.169673,b,b,15-Mar,3,15,9,15,west,entisol,coniferous forest,xeric,frigid,1525.7,4.56,618,0.409,"48,139","Douglas-fir, ponderosa pine, white spirea and mallow ninebark","Sandy-skeletal, mixed, frigid Typic Xerorthents",quartzburg variant,2008-10-19,
66,Payette,ID,"43.83892, -116.24185",43.83892,-116.24185,litter,litter,,,,,,west,vertisol,shrubs,xeric,mesic,1286.4,8.44,516,0.261,"2,217","eric big sagebrush, antelope bitterbrush, biscuitroot, Idaho fescue and bluebunch wheatgrass","Fine, smectitic, mesic Chromic Haploxererts",doubledia,2008-10-19,
66,Payette,ID,"43.83892, -116.24186",43.83892,-116.24186,a,a,0-4,0,4,2,13,west,vertisol,shrubs,xeric,mesic,1286.4,8.44,516,0.261,"2,217","eric big sagebrush, antelope bitterbrush, biscuitroot, Idaho fescue and bluebunch wheatgrass","Fine, smectitic, mesic Chromic Haploxererts",doubledia,2008-10-19,
66,Payette,ID,"43.83892, -116.24187",43.83892,-116.24187,b,b,4-13+,4,13,8.5,13,west,vertisol,shrubs,xeric,mesic,1286.4,8.44,516,0.261,"2,217","eric big sagebrush, antelope bitterbrush, biscuitroot, Idaho fescue and bluebunch wheatgrass","Fine, smectitic, mesic Chromic Haploxererts",doubledia,2008-10-19,
67,Wallowa,OR,"45.69370, -117.27432",45.6937,-117.27432,litter,litter,,,,,,west,andisol,coniferous forest,udic,frigid,1489.8,4.96,496,0.34,"217,188","grand fir, western larch, lodgepole pine, twinflower, princes pine, pinegrass, big huckleberry, and round-leaved violet","Ashy over loamy-skeletal, amorphic over isotic, frigid Alfic Udivitrands",syrupcreek,2008-11-19,
67,Wallowa,OR,"45.69370, -117.27433",45.6937,-117.27433,a,a,0-4,0,4,2,14,west,andisol,coniferous forest,udic,frigid,1489.8,4.96,496,0.34,"217,188","grand fir, western larch, lodgepole pine, twinflower, princes pine, pinegrass, big huckleberry, and round-leaved violet","Ashy over loamy-skeletal, amorphic over isotic, frigid Alfic Udivitrands",syrupcreek,2008-11-19,
67,Wallowa,OR,"45.69370, -117.27434",45.6937,-117.27434,b,b,12-Apr,4,12,8,14,west,andisol,coniferous forest,udic,frigid,1489.8,4.96,496,0.34,"217,188","grand fir, western larch, lodgepole pine, twinflower, princes pine, pinegrass, big huckleberry, and round-leaved violet","Ashy over loamy-skeletal, amorphic over isotic, frigid Alfic Udivitrands",syrupcreek,2008-11-19,
67,Wallowa,OR,"45.69370, -117.27435",45.6937,-117.27435,c,c,14-Dec,12,14,13,14,west,andisol,coniferous forest,udic,frigid,1489.8,4.96,496,0.34,"217,188","grand fir, western larch, lodgepole pine, twinflower, princes pine, pinegrass, big huckleberry, and round-leaved violet","Ashy over loamy-skeletal, amorphic over isotic, frigid Alfic Udivitrands",syrupcreek,2008-11-19,
68,Ribdon,AK,"68.87527, -148.85725",68.87527,-148.85725,litter,litter,,,,,,arctic,gelisol,tussock sedges and forbes,aquic,pergelic,435,-9.57,215,0.348,,"cottongrass, sedges, forbes, lichen, woody shrubs, mosses",,,9-16-19,
68,Ribdon,AK,"68.87527, -148.85726",68.87527,-148.85726,a,a,0-10,0,10,5,,arctic,gelisol,tussock sedges and forbes,aquic,pergelic,435,-9.57,215,0.348,,"cottongrass, sedges, forbes, lichen, woody shrubs, mosses",,,9-16-19,
68,Ribdon,AK,"68.87527, -148.85728",68.87527,-148.85728,c,c,10-16+,10,16,13,16,arctic,gelisol,tussock sedges and forbes,aquic,pergelic,435,-9.57,215,0.348,,"cottongrass, sedges, forbes, lichen, woody shrubs, mosses",,,9-16-19,
69,Sagavanirktok (Sag),AK,"68.80778, -148.81830",68.80778,-148.8183,litter,litter,,,,,,arctic,gelisol,tussock sedges and forbes,aquic,pergelic,449,-9.32,217,0.343,,"cottongrass, sedges, forbes, lichen, woody shrubs, mosses",,,9-17-19,
69,Sagavanirktok (Sag),AK,"68.80778, -148.81831",68.80778,-148.81831,a,a,0-7,0,7,3.5,13,arctic,gelisol,tussock sedges and forbes,aquic,pergelic,449,-9.32,217,0.343,,"cottongrass, sedges, forbes, lichen, woody shrubs, mosses",,,9-17-19,
69,Sagavanirktok (Sag),AK,"68.80778, -148.81833",68.80778,-148.81833,c,c,7-13+,7,13,10,13,arctic,gelisol,tussock sedges and forbes,aquic,pergelic,449,-9.32,217,0.343,,"cottongrass, sedges, forbes, lichen, woody shrubs, mosses",,,9-17-19,
70,Flat,AK,"68.72625, -148.96218",68.72625,-148.96218,litter,litter,,,,,,arctic,gelisol,tussock sedges and forbes,aquic,pergelic,609,-8.37,231,0.333,,"cottongrass, sedges, forbes, lichen, woody shrubs, mosses",,,9-17-19,
70,Flat,AK,"68.72625, -148.96219",68.72625,-148.96219,a,a,0-7.5,0,7.5,3.75,7.5,arctic,gelisol,tussock sedges and forbes,aquic,pergelic,609,-8.37,231,0.333,,"cottongrass, sedges, forbes, lichen, woody shrubs, mosses",,,9-17-19,
71,Slope Mountain,AK,"68.68810, -149.08034",68.6881,-149.08034,litter,litter,,,,,,arctic,gelisol,tussock sedges and forbes,aquic,pergelic,771,-8.77,240,0.371,,"cottongrass, sedges, forbes, lichen, woody shrubs, mosses",,,9-17-19,
71,Slope Mountain,AK,"68.68810, -149.08035",68.6881,-149.08035,a,a,0-7,0,7,3.5,15,arctic,gelisol,tussock sedges and forbes,aquic,pergelic,771,-8.77,240,0.371,,"cottongrass, sedges, forbes, lichen, woody shrubs, mosses",,,9-17-19,
71,Slope Mountain,AK,"68.68810, -149.08037",68.6881,-149.08037,c,c,7-15+,7,15,11,15,arctic,gelisol,tussock sedges and forbes,aquic,pergelic,771,-8.77,240,0.371,,"cottongrass, sedges, forbes, lichen, woody shrubs, mosses",,,9-17-19,
72,Oksrukuyik Creek (Oks),AK,"68.65769, -149.27446",68.65769,-149.27446,litter,litter,,,,,,arctic,gelisol,tussock sedges and forbes,aquic,pergelic,846,-9.2,238,0.381,,"cottongrass, sedges, forbes, lichen, woody shrubs, mosses",,,9-17-19,
72,Oksrukuyik Creek (Oks),AK,"68.65769, -149.27447",68.65769,-149.27447,a,a,0-4,0,4,2,12,arctic,gelisol,tussock sedges and forbes,aquic,pergelic,846,-9.2,238,0.381,,"cottongrass, sedges, forbes, lichen, woody shrubs, mosses",,,9-17-19,
72,Oksrukuyik Creek (Oks),AK,"68.65769, -149.27448",68.65769,-149.27448,c,b,12-Apr,4,12,8,12,arctic,gelisol,tussock sedges and forbes,aquic,pergelic,846,-9.2,238,0.381,,"cottongrass, sedges, forbes, lichen, woody shrubs, mosses",,,9-17-19,
73,Kuparuk River,AK,"68.64657, -149.40942",68.64657,-149.40942,litter,litter,,,,,,arctic,gelisol,tussock sedges and forbes,aquic,pergelic,735,-9.17,237,0.385,,"cottongrass, sedges, forbes, lichen, woody shrubs, mosses",,,9-17-19,
73,Kuparuk River,AK,"68.64657, -149.40943",68.64657,-149.40943,a,a,0-5,0,5,2.5,17,arctic,gelisol,tussock sedges and forbes,aquic,pergelic,735,-9.17,237,0.385,,"cottongrass, sedges, forbes, lichen, woody shrubs, mosses",,,9-17-19,
73,Kuparuk River,AK,"68.64657, -149.40944",68.64657,-149.40944,c,b,17-May,5,17,11,17,arctic,gelisol,tussock sedges and forbes,aquic,pergelic,735,-9.17,237,0.385,,"cottongrass, sedges, forbes, lichen, woody shrubs, mosses",,,9-17-19,
